driverId,name,ssn,location,certified,wage-plan
10,Joel Rose,595-35-3557,"32729 Ronald Mews Suite 844
Kevinberg, AR 93641",N,miles
11,Carlos Bennett,824-67-7510,"41649 Carol Mountains Apt. 056
North Carolyn, IA 56799",N,hours
12,Crystal Vaughn,430-85-9640,"786 James Junction
Lake Austin, LA 27889",N,miles
13,Matthew Hunter,635-89-3296,"894 Johns Gateway Apt. 436
Reneechester, MD 77499",Y,hours
14,Margaret Crawford,249-29-9721,"PSC 4523, Box 1414
APO AA 56408",N,hours
15,Frank Heath,082-70-4979,"132 Sawyer Pike
West Wendy, OR 02748",Y,hours
16,Mark Whitney,302-40-3592,"71440 Andrew Shoal
South Dianatown, OR 65424",Y,miles
17,Melissa Stewart,579-51-1622,"223 Bowers Ridges Suite 157
West Zacharychester, CT 34501",Y,hours
18,Rose Dixon,402-12-0550,"71182 Morris Via Suite 516
Nelsonberg, OH 19697",Y,hours
19,Gina King,098-17-8266,"19942 Carlos Gateway Suite 690
West Tonyview, AZ 00580",N,miles
20,Melissa Blake,723-20-3796,"71559 Cynthia View Suite 444
Robertsstad, HI 30251",N,miles
21,Krystal Brown,513-07-6016,"Unit 3199 Box 7955
DPO AP 31452",Y,hours
22,Andre Cannon,423-06-8996,"86489 Bradley Harbor Apt. 607
Stephenland, KS 02958",N,hours
23,Angie Brown,191-62-5984,"667 Adams Lodge
New John, SC 70464",Y,hours
24,Alejandro Smith,422-95-4817,"99148 Angelica Route
Joyceberg, CA 68477",N,miles
25,Bryan Thompson,227-01-3556,"425 Nicole Circles Suite 385
Campbellfort, ND 56799",N,miles
26,Stacy Robinson,761-08-0253,"705 Julie Island Suite 659
Nicoleshire, AZ 09580",N,miles
27,Vanessa Thomas,466-78-5369,"87698 Wilson Prairie
Port Shannon, PW 46478",N,hours
28,Angela Allen,152-40-9625,"35000 Ramirez Center
Craneton, MA 27719",Y,hours
29,Michele Thomas,051-74-9784,"Unit 0760 Box 1499
DPO AA 40470",Y,miles
30,Christopher Powell,282-37-2852,"3414 John Trail Apt. 650
Port Jaclyn, ND 04480",Y,hours
31,Anthony Reynolds,476-58-0299,"22329 Chen Camp
North Keithland, MH 44436",N,miles
32,Jack Brown,737-65-7034,"293 Hardin Islands Apt. 591
Newmanburgh, PA 12152",N,hours
33,Daniel Park,056-29-7190,"950 Lauren Tunnel Apt. 112
Jonesstad, WV 28733",N,miles
34,Michael Bennett,146-35-6084,"160 Weaver Light Apt. 492
Hortonfurt, NV 10584",N,miles
35,Miss Joyce Reynolds,181-18-3338,"Unit 5866 Box 3282
DPO AE 24738",Y,hours
36,Jeremy Jensen,766-12-0083,"189 Hill Knolls Suite 849
Perezborough, ID 04355",Y,miles
37,Thomas Carr,122-70-0216,"30891 Fuller Plains Apt. 427
Port Sabrina, LA 98674",N,hours
38,Blake Vasquez,540-50-9394,"923 Diaz Valley
Williamshaven, AL 97662",N,miles
39,Crystal Taylor,773-38-5609,"6716 Arnold Mall Suite 035
East Debra, MP 45476",N,miles
40,Barbara James,078-93-9086,"8277 Fleming Burgs Apt. 197
Karenmouth, PW 17844",Y,miles
41,Donald Johnson,817-04-3804,"8132 Weber Union
Colemouth, NY 35104",N,miles
42,Timothy Lewis,272-24-5819,"7786 Felicia Green Apt. 625
Lake Joshua, NC 01111",N,miles
43,Lauren Alexander,297-69-8072,"30090 Vargas Pine
South Scottfort, HI 88197",Y,miles
44,Kelly Martinez MD,110-11-5713,"66621 Reed Plains
Baileyville, AL 92323",Y,miles
45,Anthony Gonzalez,516-23-2389,"53703 Davis Isle Suite 919
Port Jesus, NH 49051",Y,miles
46,Roberta Ayala,331-12-8560,"02562 Alvarez Canyon
West Williamland, NH 35913",Y,miles
47,Martin Davis,555-46-5962,"32349 Jackson Cove
Karaton, MI 22346",Y,miles
48,Tracy Phillips,766-39-0524,"9436 Johnson Forks Suite 930
Meyersburgh, VI 44937",Y,miles
49,Samantha Jones,787-42-6868,"1604 Sullivan Corner
South Angela, CO 00926",N,hours
50,Kristen Deleon,431-29-2830,"2789 Olson Squares Apt. 258
Gonzalezland, OH 24174",Y,miles
51,Brian Lynch,567-52-9749,"12995 Jessica Prairie Apt. 244
Lake James, NH 98333",N,miles
52,Samantha Young,696-13-2366,"9037 Antonio Brooks
Taylormouth, CA 72297",Y,hours
53,Eric Garcia,315-45-9754,"3247 Harper Overpass
South Carolborough, AZ 87727",Y,miles
54,Oscar Rivera,363-62-2103,"238 Schultz Extensions Suite 401
Loriborough, HI 46532",N,miles
55,Anthony Rivera,493-55-4486,"60188 Phillips Fork Suite 389
North Alexandra, OH 23230",N,miles
56,George Jones,219-79-1008,"8709 Robinson Curve Apt. 904
New Jeffery, AK 21374",N,miles
57,Lindsey Hoover,522-69-8377,"403 Jensen Extensions
Johnsonview, MA 29598",N,miles
58,Jimmy Ramos,066-67-7437,"30726 Alan Court Suite 748
South John, RI 03908",N,miles
59,Cindy Baker,570-50-9447,"Unit 0858 Box 2491
DPO AE 47919",Y,hours
60,Kathleen Rosales,146-11-6649,"4216 Courtney Valley
West Brian, AZ 85029",Y,hours
61,Vanessa Perry,410-78-0726,"PSC 2480, Box 4088
APO AE 36857",Y,miles
62,Luis Cantrell,011-19-5277,"45691 Jones Creek Suite 447
Gonzalezstad, OH 46252",N,hours
63,Diana Anderson,657-98-9451,"551 Miller Fort
South Adamside, RI 61166",Y,hours
64,Alexis Johnson,140-56-0365,"USNS Green
FPO AP 19655",Y,miles
65,Kelly Freeman,119-71-1656,"40635 Johnson Inlet Suite 493
New Jeffrey, MA 94514",Y,hours
66,Cynthia Werner,216-68-6497,"15741 Poole Expressway Suite 969
East Joshuaview, MP 06599",N,hours
67,Sally Booth,299-78-3445,"464 Fowler Creek Suite 137
Cooperchester, MI 79511",N,hours
68,Erin Rose,719-51-1342,"956 Jesus Club
South Brianland, MT 65628",N,hours
69,Tom Evans,430-16-5461,"04132 Simpson Road
Josephstad, UT 83867",N,hours
70,Andrew Cline,024-08-7322,"44738 Shelby Streets
Port Ginaborough, NM 31659",Y,hours
71,Briana Cook,703-63-7075,"52919 Pierce Circles
Port Monicaport, MA 99278",Y,miles
72,Meghan Kelley,810-14-6349,"Unit 6061 Box 7681
DPO AA 45634",N,miles
73,Melissa Smith,284-31-0130,"381 Cassandra Station
West Adrian, WY 65057",Y,hours
74,Jacob Williams,312-39-8766,"083 Smith Roads Apt. 814
New Amy, OH 76829",Y,miles
75,Laura Weaver,766-84-9175,"1799 Hoover Lights
Alejandroview, ND 26638",Y,miles
76,Katherine Johnson,183-45-3628,"374 Mathew Brook Apt. 685
Andreaport, DE 61338",N,hours
77,David Peterson,376-09-5215,"727 Heidi Meadow Apt. 801
Gibbsfort, DC 90628",Y,hours
78,Jennifer Cox,683-31-7253,"0720 Schroeder Flats
Port Brianborough, NJ 48813",N,miles
79,Ryan Silva,001-94-7991,"71739 Donna Points
Delgadoland, NM 32203",N,miles
80,Robert Johnson,765-74-1573,"5767 Rebecca Extensions
New Emilymouth, KY 19429",N,miles
81,Jennifer Huynh,728-54-6536,"1838 Zachary Plains Apt. 010
Sheilaside, MS 73382",Y,hours
82,Daniel Duarte,441-72-0522,"9955 Stone Drive
North Jason, MS 56847",N,hours
83,Aaron Evans,500-53-0908,"24042 Hall Fort
Port Gregview, DC 17864",N,hours
84,Craig Murray,513-18-6679,"387 Lucas Trace
Dorisfort, AZ 17360",N,miles
85,Marie Taylor,304-86-5002,"66317 Goodman Freeway Suite 433
Durhamburgh, CT 17259",N,miles
86,Andrea Murray,563-14-0294,"7971 William Park Suite 768
North Eddiefort, GU 35376",N,hours
87,Christopher Harvey,576-77-6670,"9692 Timothy Street Apt. 665
North Kimberlyton, MS 62113",N,hours
88,Joseph Alvarez,130-44-7971,"6609 Hart View Apt. 324
Karenmouth, GU 91957",Y,miles
89,Cindy Smith,844-04-8554,"291 Benjamin Ridges
South Clarenceshire, IN 82905",N,hours
90,Chelsea Lee,053-64-2604,"32063 Mills Lodge
Kylemouth, DC 72651",N,hours
91,Nancy Oneal,013-29-5657,"USNS Bennett
FPO AP 79226",Y,hours
92,Jennifer Woodard,772-51-9169,"9723 Matthew Streets Suite 037
East Brian, TN 53003",Y,miles
93,James Conway,725-79-8133,"USCGC Watkins
FPO AA 49368",Y,hours
94,Beth Reyes,055-45-6225,"839 Hoffman Tunnel Apt. 703
North Markfurt, NE 95332",Y,hours
95,Carrie Johns,111-56-5721,"8361 Angela Alley
Tuckerside, CT 85990",Y,miles
96,Nicolas Hernandez,180-74-4606,"37261 Paul Stravenue
Brandonshire, TX 09338",Y,miles
97,Lindsay Smith,286-10-3298,"5116 Anne Station
East Carol, MI 88080",Y,miles
98,Jason Armstrong,338-68-4407,"381 Wallace Bridge Apt. 676
Paigeview, ME 63372",Y,hours
99,John Kirby,761-57-4553,"PSC 8416, Box 5941
APO AA 79149",N,hours
100,Mariah Manning,672-94-0726,"37613 Kenneth Cliffs Apt. 744
Cynthiaborough, VT 51850",N,miles
101,Thomas Olson,585-14-7890,"0128 Amy Lights Suite 762
Gravesmouth, MN 70430",Y,miles
102,Stacy Brown,192-83-6665,"375 Lewis Mission Suite 839
Lake Jasmin, VA 17339",Y,miles
103,Joseph Becker,133-32-2518,"865 Daniel Shoal Suite 934
Sanderston, SC 20824",N,miles
104,Kevin Moore,428-97-2503,"7672 Robinson Course Apt. 183
Christopherchester, DC 08312",Y,miles
105,Thomas Nunez,248-57-4777,"82306 Martinez Spurs Suite 294
Stevenbury, GA 44059",N,miles
106,Elizabeth Herring,193-53-3138,"719 Cameron Isle Suite 633
Robinfort, VA 30907",N,miles
107,Susan Avila,589-11-2706,"Unit 6327 Box 1088
DPO AP 35428",Y,hours
108,Mario Cook,534-13-8681,"41152 Paul Views
West Matthewborough, ME 59436",Y,miles
109,Randall Rice,451-55-7325,"2490 Annette Drives Suite 304
Mccoymouth, FL 88125",N,miles
110,Emily Robertson,532-86-7969,"575 Nichole Port
Josephfurt, RI 87919",Y,miles
111,Debra Miranda,696-73-1198,"19979 Johnson Lodge
Port Eric, MS 36092",Y,miles
112,William Dominguez,808-21-0436,"5212 Johnson Viaduct
Hoffmanborough, WA 84970",Y,miles
113,Charles Harris,573-70-1740,"191 Watts Park Suite 063
Wagnerberg, AK 44818",N,miles
114,Jacob Burke,735-81-1080,"30067 Bradley Radial
South Adam, NM 61788",Y,hours
115,Allison Campbell,707-14-4336,"99477 Kenneth Parkway Suite 849
Lake Brendafurt, GA 39374",Y,hours
116,Anna Brown,409-68-3729,"073 Johnson Run Apt. 885
Ramirezport, SD 46660",N,hours
117,Brandon Ferrell,899-49-2764,"229 Michele Summit
Michaelberg, MA 91195",Y,hours
118,James Rivera,209-38-0112,"196 Moon Village Apt. 823
Brandonborough, CO 89138",N,hours
119,David Mann,315-86-4518,"949 Murphy Fall Apt. 214
Burnschester, IN 39187",Y,hours
120,Cynthia Wright,008-09-1279,"495 Smith Lakes Suite 007
Annaview, GU 53667",Y,hours
121,Amanda Golden,144-42-5032,"4635 Thomas Route Apt. 455
Matthewland, WV 29969",N,miles
122,Tamara Turner,450-35-2383,"406 Samuel Divide
Arthurhaven, WY 26265",Y,hours
123,Jim Lewis,014-80-5053,"7721 Smith Island Suite 531
North Jennifer, RI 62059",N,hours
124,Claire Rogers,124-67-0492,"65014 Joseph Forks Suite 860
Lake Jamesmouth, WA 69962",N,miles
125,Sharon Cortez,684-70-0936,"85852 Miller Stream
Lake Bobby, NY 61159",N,hours
126,Daniel Reynolds,432-65-7488,"864 Ronnie Trafficway Suite 199
Julieville, VA 51517",Y,hours
127,Theresa Bailey,295-29-0710,"24663 Ramirez Groves Apt. 691
Bridgetmouth, PW 41824",N,miles
128,Lawrence Schultz,037-60-3922,"2793 Vasquez Flat Apt. 051
Sandersbury, IN 18309",N,miles
129,Kimberly Wilson,649-31-4876,"318 Eduardo Unions
Josephfort, SC 64688",Y,hours
130,Jason Obrien,117-24-1551,"709 Henry Club
Hollandhaven, PA 81209",Y,hours
131,Hannah Simpson,673-49-1213,"8953 Scott Estates Apt. 670
Brownborough, CO 35395",N,miles
132,Michelle Boyd,428-30-9542,"12005 Jones Underpass
West Shelly, NE 40956",N,miles
133,Craig Osborne,193-49-9854,"4872 Christine Corner Apt. 602
Andersonport, WY 50483",N,miles
134,Denise Lewis PhD,272-91-1729,"7710 Barber Island Apt. 415
South Louishaven, WA 53151",Y,miles
135,Nicole Franco,428-61-4117,"Unit 8526 Box 4976
DPO AE 39541",Y,miles
136,Theresa Lee,889-71-0208,"375 Wilson Rapids Apt. 215
Nathanberg, CO 78646",Y,hours
137,Michelle Mcdowell,352-21-2817,"66459 Mclaughlin Crest Apt. 727
Lisatown, IA 93150",N,hours
138,Kelly Murray,209-41-8278,"34769 Thompson Skyway Apt. 335
North Ethanburgh, MS 56217",Y,miles
139,Kayla Martin,506-44-4863,"48712 Rogers River Apt. 154
Sullivanshire, DE 20455",Y,hours
140,Amber Gill,148-67-4126,"787 Graham Plains Apt. 038
West Jenniferfort, AZ 84151",N,hours
141,Renee Montgomery,604-21-5778,"322 Karen Mill Apt. 601
Braymouth, MS 80804",N,miles
142,Penny Martinez,060-88-8591,"8536 Lin Fords Apt. 429
East Christopherland, LA 03328",N,miles
143,Steven Gilmore,103-54-5586,"462 Karen Turnpike Apt. 225
Port Melanie, NC 63181",N,hours
144,William Reynolds,771-57-1552,"858 Mcdonald Alley Suite 354
West Victoriafort, KS 91345",Y,miles
145,Wanda Reyes,782-68-9491,"327 Moore Ville
Parsonsport, TX 66900",Y,miles
146,Dr. Cameron Moody,508-15-4864,"2094 Donna Cove Apt. 341
North Michael, AK 96247",N,miles
147,Brittany Ball,800-48-4803,"093 Kimberly Ford
Louisbury, AR 20841",Y,hours
148,Eric Crane,055-39-6290,"USS Richardson
FPO AP 67015",N,miles
149,Joseph Walker,587-55-6201,"597 Hernandez Summit Apt. 126
Williamsbury, MN 24801",Y,hours
150,Marcus Carroll,110-04-3866,"96212 Edwards Mountains
East Gregtown, MS 88503",Y,hours
151,Jeffrey Norman,096-81-8297,"USNS Miller
FPO AE 97713",Y,hours
152,Scott Cruz,578-40-0884,"46741 Weber Mission
Ryanhaven, LA 46816",N,miles
153,Gary Valdez,052-21-7853,"Unit 2938 Box 0981
DPO AA 16346",N,miles
154,Victoria Ruiz,249-82-4970,"861 James Tunnel Suite 272
New Scottport, NY 85688",Y,hours
155,Joseph Lawrence,377-88-5035,"07093 Humphrey Curve
Lisaton, AS 82686",N,miles
156,Shelly Gibbs,491-74-4077,"PSC 0581, Box 6312
APO AA 23348",N,miles
157,Carolyn Holland,753-41-3267,"PSC 3744, Box 4248
APO AA 01601",Y,hours
158,Jessica Huff,890-27-7147,"7185 Jeremy Port Apt. 354
New Jamesstad, ME 62994",N,hours
159,Mallory Patterson,639-30-1397,"379 Nicole Street Apt. 606
Port Brittneyborough, PA 92075",N,miles
160,Kaitlin Williams,518-76-3613,"Unit 3020 Box 7993
DPO AE 83472",Y,miles
161,Roger Duncan,817-02-2568,"92476 Jonathon Fall
Fosterstad, WY 37899",N,miles
162,Matthew Ramirez,434-62-5987,"575 John Trafficway
North Jonathanport, KS 59176",N,miles
163,Rachel Lawrence,018-39-0717,"283 Williams Ports Apt. 133
Jennifertown, CO 03423",Y,hours
164,Stephanie Baldwin,795-91-6986,"718 Giles Landing Apt. 517
South Rachel, VT 17990",Y,miles
165,Joseph Hernandez,271-26-1645,"6314 Hernandez Square Suite 775
Hickmanland, MP 11419",Y,miles
166,Lydia Jenkins,254-40-9973,"6479 Smith Forks Apt. 712
Sheilaborough, NM 31501",N,hours
167,Mary Moss,846-86-6926,"937 Aaron Corners
Potterside, CO 88765",N,hours
168,Larry Harris,045-88-4267,"41939 Kelley Plains
East Rebeccashire, NE 10532",N,miles
169,James Carson,374-61-7054,"567 Curtis Ways
West Heidichester, AZ 90752",N,hours
170,Matthew Patterson,070-49-9379,"53198 Gary Prairie
Port Lisamouth, VI 59562",Y,hours
171,Dawn Wood,499-70-9150,"588 Stein Lodge
New Phillip, NY 91338",N,hours
172,Jonathan Evans,167-90-2822,"168 Vanessa Route Suite 395
Port Alejandraview, LA 54763",N,miles
173,Timothy Burke,486-81-8736,"59425 Malik Field Suite 861
Austinshire, VA 27335",Y,hours
174,Julie Vang,439-82-6505,"643 Copeland Wells
West Meganside, PW 14638",Y,miles
175,David Benton,416-22-9473,"51651 Bates Flat
Brandonbury, ND 36834",Y,miles
176,Donna Johnson,084-39-2862,"13003 Davis Ways
Youngland, VI 47957",N,hours
177,Michelle Davis,661-63-5241,"07251 Brenda Keys Apt. 574
West Arianamouth, WY 12499",N,miles
178,Elizabeth Rodriguez,331-31-3643,"630 Bryce Crest
Port Kaylachester, HI 55546",N,hours
179,Alexandra Juarez,605-58-8147,"16901 Anthony Corner Apt. 947
Liustad, IL 95568",N,hours
180,Sean Fry,716-77-5861,"USNV Matthews
FPO AE 63093",N,hours
181,Michelle Allen,040-91-3188,"3489 Timothy Bridge
Johnshaven, CO 84706",N,miles
182,Tammy Hernandez,147-03-5388,"8375 Dorothy Flats
Peterstad, MO 72916",Y,hours
183,Zachary Wilkinson,076-20-2759,"97183 Baldwin Stravenue
South Ray, PW 43291",Y,miles
184,Gabriela White,103-13-1470,"35205 Harvey Neck Apt. 810
Port John, HI 89105",N,miles
185,Aaron Manning,878-35-3583,"7034 Kristen Course Suite 444
Fowlerberg, NY 51725",Y,hours
186,Johnny Mccarthy,156-32-7772,"06616 Sarah Center Suite 193
Port Stacey, DE 73541",N,miles
187,Sara Gutierrez,454-19-1492,"96260 Arthur Pass
South Stevenberg, NY 40321",Y,miles
188,Aaron Evans,190-44-6122,"170 Michael Vista Apt. 371
Gregoryshire, PW 22807",N,hours
189,William Moore,373-58-1597,"436 Brittany Neck Apt. 585
Maloneview, KY 43361",Y,hours
190,Misty Higgins,237-63-2180,"66298 Lee Port Apt. 213
Lake Amy, VT 03304",N,hours
191,Robert Mcguire,211-67-9206,"Unit 7715 Box 0967
DPO AP 56450",N,miles
192,Rebecca Jefferson,731-56-5150,"844 Terri Canyon Suite 401
South Jonathan, MH 91892",N,miles
193,Pamela Chan,125-15-0742,"PSC 2721, Box 9940
APO AA 42513",N,miles
194,Laura Adams,137-49-3724,"54695 Sanchez Extensions Apt. 755
Danielleton, MS 25522",N,hours
195,Janet Clements,035-66-3536,"06222 Cynthia Center Suite 396
Jessicafort, KY 48850",Y,hours
196,Lori Gallegos,210-97-3301,"9809 Gomez Pine
Samanthaberg, DC 38278",Y,miles
197,Madison Johnson,317-13-4083,"1108 Tricia Tunnel
Hernandezton, AL 42850",Y,miles
198,April Owens,707-54-0171,"Unit 6895 Box 9281
DPO AP 04471",N,hours
199,Craig Ramirez,747-88-3433,"Unit 3881 Box 0046
DPO AA 67667",N,miles
200,Theresa Morgan,868-56-1559,"6952 Kimberly Track
Barreraberg, OK 13741",Y,hours
201,Brandon Phillips,023-53-0585,"8856 Mcclure Brooks
Duncanchester, ME 82414",Y,hours
202,Taylor Allen,418-05-1935,"Unit 7589 Box 4999
DPO AP 27154",N,hours
203,Mrs. Elizabeth Davis,257-51-0902,"66313 Schwartz Centers
South Tonyafurt, MP 49756",N,hours
204,April Murray,659-91-0759,"856 Barron Glen
Hugheshaven, AZ 21759",N,miles
205,Robert Beasley,468-59-6536,"086 Shaun Locks
Port Brittneyview, OH 92840",Y,miles
206,Daniel Osborn,049-93-5882,"98934 Raymond Trail Apt. 782
Stevenborough, OK 13718",Y,miles
207,James Erickson,036-93-4171,"31927 Miller Locks Apt. 862
Michaelberg, MA 46571",N,hours
208,Katherine Cowan,513-33-5057,"5875 Turner Row
Carlosfurt, NH 49160",N,miles
209,Catherine Collins DDS,013-63-8342,"7880 Adam Run
New Justin, TX 64330",Y,miles
210,Charlene Avila,230-44-2669,"7409 Francis Lane
Samanthaborough, IL 49373",Y,miles
211,Brenda Brown,275-98-9342,"69247 Ashley Via Suite 883
West Richard, KS 50822",N,hours
212,Johnny Ferguson,640-36-1080,"679 Murphy Forge
South Darlene, WV 95314",N,hours
213,Christopher Campbell,220-48-7951,"455 Katherine Ramp
North Mckenzie, CO 92429",N,hours
214,Larry Martinez,856-19-0442,"84226 Jessica Spur Suite 502
Duffytown, WI 50727",N,hours
215,Jeremy Martinez,778-93-2914,"939 Richard Grove
East John, NH 84854",N,miles
216,Joseph Smith,197-07-7416,"241 Kim Manors Suite 275
Mcgeeland, IA 08547",N,miles
217,Mr. Kevin Rodriguez,212-53-4891,"USNV Gray
FPO AE 35752",Y,hours
218,Derrick Curry,610-16-7025,"Unit 1468 Box 5104
DPO AA 58242",N,hours
219,Krista Martin,347-76-6837,"1445 Victoria Mission Apt. 613
Lake Gregoryton, KY 11380",N,miles
220,Diane Martinez,369-17-1154,"73642 Fernandez Forge
Willisstad, KS 44408",N,miles
221,Mark Brown,875-41-2869,"3735 David Heights
South James, NH 34545",N,hours
222,Tyler Meza,615-33-6517,"0819 Bennett Green
North Phillipbury, AZ 89140",N,miles
223,Crystal Lucero,309-60-7951,"2833 Erica Meadows Suite 779
South Staceyside, IA 17819",Y,hours
224,Levi Carroll,232-33-3807,"24666 Mcfarland Drive Apt. 641
Lake Heathermouth, PR 57876",Y,miles
225,Ashley Hartman,444-18-6446,"333 Lawrence Valleys
Port Christina, DC 91316",Y,hours
226,Sarah Black,758-76-5777,"3722 Montgomery Ramp Suite 426
Lake Zacharyside, DE 64776",N,miles
227,Mary Johnson,065-63-5242,"061 Thomas Passage Suite 548
Lopezview, MP 60453",Y,miles
228,Lucas Kelly,331-27-7287,"1620 Crystal Spurs
Donaldbury, VT 31121",Y,miles
229,Bryan Russell,702-68-3159,"3567 Sarah Plaza
Port Austin, OR 47179",N,hours
230,Lawrence Lee Jr.,790-46-6915,"PSC 1515, Box 0725
APO AA 62317",N,miles
231,John Garcia,693-77-5609,"254 Rollins Pines Suite 360
Mooremouth, MP 01019",Y,miles
232,Kelly Parsons,574-69-8467,"453 Zachary Key
Willisburgh, MI 33785",N,miles
233,Donald Anderson,047-33-9637,"893 Andrew Grove Apt. 076
Jasonberg, AL 89607",N,hours
234,Mark Fox,709-22-9567,"178 Amanda Fork
North Davidside, VT 99808",Y,hours
235,Randall Lucas,059-19-0742,"091 Jennifer Mall
West Randyhaven, MD 97860",N,miles
236,Dylan Parker,564-90-3989,"5891 Keith Roads
Lake Jenna, WV 39302",N,hours
237,Lauren Chavez,368-44-2825,"46517 Rogers Prairie
West Shanetown, LA 32866",N,miles
238,Brittany Smith,857-86-4301,"1356 Kayla Crescent
Gilberthaven, MI 35765",Y,miles
239,Samuel Charles,062-74-5739,"9230 Briana Village Apt. 975
Johnnyside, AZ 23627",N,hours
240,Julie Smith,752-11-1580,"8851 Horton Meadow Suite 020
Hamiltonmouth, GU 59954",Y,hours
241,Randy Bell,405-65-8362,"342 James Port
New Kathleen, DC 74258",Y,miles
242,Casey West,870-24-0272,"48426 Robert Point Apt. 411
Brianfurt, MN 99779",Y,miles
243,Carlos Wilson,846-56-1919,"2085 Ellis Garden
Powellton, IN 80897",N,hours
244,Noah Moreno,102-01-5561,"466 Spence Club Apt. 067
Eugeneberg, MS 71739",Y,hours
245,Gregory Evans,288-46-8754,"686 Timothy Light Suite 829
North Shannon, CT 78845",N,hours
246,Megan Frost,737-93-7272,"0809 Williams Corner
Bradshawview, ID 96109",N,hours
247,Sandra Klein,640-15-8905,"6812 Martinez Knoll Suite 703
South Jill, MH 72393",N,miles
248,Christopher Williams,110-21-1516,"76671 Barrett Ford Suite 650
South Katrinaport, MI 74082",Y,hours
249,Billy Lee,738-98-8384,"2542 Hall Village
Simmonsburgh, NC 57063",Y,miles
250,Ann Jones,757-01-9663,"610 Roach Station Apt. 990
Novakbury, CO 75510",Y,miles
251,Jeffrey Fuller,020-56-7969,"9487 Timothy Mountain Suite 650
New Christopherfort, IL 71302",N,miles
252,Douglas Woods,297-53-9941,"678 Sonya Corners
Hendersonburgh, AL 00864",Y,miles
253,Brett Gillespie,257-94-7333,"0073 Deborah Union
North Sara, WY 13320",N,miles
254,Jessica Monroe,850-34-8895,"710 Blanchard Glens Suite 626
Ryanview, IA 51139",Y,hours
255,Larry Smith,828-24-3178,"8867 Campbell Harbor Apt. 776
Nashburgh, ME 00942",N,miles
256,Cassidy Green,259-53-4251,"PSC 3405, Box 8562
APO AA 96290",Y,hours
257,Sean Lee,656-11-1217,"USCGC Douglas
FPO AA 26451",Y,hours
258,Alexis Williams,028-49-0465,"PSC 7667, Box 8167
APO AA 03655",N,miles
259,Allison Smith,257-25-8196,"57320 Lewis Village
South Robertaland, CA 42305",Y,hours
260,Melissa Barr,175-61-8937,"24340 Michael Mountain
Moralesville, AL 16866",N,hours
261,John Gonzalez,380-80-3102,"864 Cindy Center
Ramoschester, AZ 38367",Y,miles
262,Barbara Morrow,646-32-8865,"49580 Williams Throughway Suite 291
Browntown, MH 66032",Y,miles
263,Sherry Browning,213-45-4203,"24154 Samantha Hill
North Jenna, MN 31020",N,miles
264,Matthew Kelley,617-57-8582,"7594 Briggs Skyway
Tiffanyfort, SD 40293",Y,hours
265,Jason Beasley,300-43-4968,"95503 Moore Knoll
Williamfurt, MO 47999",N,miles
266,Alice Young,255-27-0269,"482 Turner Union Suite 809
South Jenniferport, AZ 37301",Y,miles
267,Jeffrey Snyder,283-34-6026,"747 Ortiz View
Doughertychester, TX 82627",N,miles
268,Desiree Peters,753-57-5624,"USS Klein
FPO AA 71769",N,miles
269,Jennifer Rocha,859-78-9998,"86159 Nelson Forks
Calvinside, OK 95420",N,hours
270,Paul Hammond,563-32-4900,"438 Fuentes Bypass
North Paulamouth, DE 62777",N,hours
271,Robert Clements,167-22-9375,"265 Victor Vista Suite 755
East Nancyberg, NJ 99882",Y,hours
272,Ethan Smith,440-64-1699,"123 Stephanie Hill Suite 845
New Jodi, DE 02510",N,miles
273,Janet Carter,084-15-4858,"PSC 6092, Box 8525
APO AE 86781",N,hours
274,Mary Navarro,332-90-6088,"4885 Howard Pines
Mariofurt, TX 98001",Y,miles
275,Stephanie Davis,486-84-5316,"7344 Joseph Mount
North Scottchester, KY 56203",N,miles
276,Lisa Jenkins,332-85-5123,"Unit 3838 Box 6026
DPO AA 88183",N,hours
277,Jacqueline Ortiz,606-55-4924,"3791 Simmons Shoals
Grantland, NC 23910",N,miles
278,Monica Ritter,709-56-9748,"8715 Devon Row
Ellisville, RI 48394",Y,miles
279,Joshua Martin,538-46-9737,"127 Flores Keys Apt. 240
Heathermouth, SD 31529",Y,hours
280,Michael Green,006-87-0016,"2573 Amy Ports
West Sara, GU 95263",N,miles
281,James Harris,688-23-6202,"17293 Sarah Ferry Apt. 315
Katherineville, SC 47490",N,miles
282,Valerie Drake,432-76-9026,"095 Pena Village
South Veronica, SC 97985",Y,miles
283,Tammy Reynolds,512-13-3250,"71350 Rachel Hollow Suite 516
Karenfurt, KS 94049",Y,miles
284,Whitney Parker,370-46-4521,"339 Dana Parks
Lake Bradleytown, IN 51545",N,hours
285,Diana Deleon,842-79-7343,"93106 Pearson Port Apt. 298
Larryfort, OR 56693",N,hours
286,Stephanie Hurley,291-20-6511,"900 Turner Key Apt. 884
North Ivan, VI 19897",N,hours
287,Megan Baker,811-78-6565,"230 Keith Mews
West Thomastown, MT 08731",N,miles
288,Richard Lopez,231-37-6518,"0871 Anne Key
Port Lisamouth, RI 94579",N,miles
289,Thomas Curry,445-85-4017,"456 Rollins Road Apt. 035
Lake Erica, PR 06732",Y,miles
290,Glen Paul,745-17-0101,"4103 Davis Forge Suite 955
Griffithton, CA 76500",N,hours
291,Tina Harrison,847-92-5817,"40081 Amy Creek
Hollowayshire, HI 22274",Y,miles
292,Melissa Curry,803-74-6169,"PSC 6725, Box 7103
APO AA 73015",Y,miles
293,Trevor Reynolds,594-49-5830,"2011 Gallagher Loop
West Melindaborough, CO 82995",N,miles
294,Deborah Cooper,290-96-6475,"840 Collins Well
Port Travisshire, MS 85326",N,miles
295,Sean Reed,174-53-8228,"430 Perez Shoals Suite 991
Mcdanielside, NC 81965",N,hours
296,Danny Barton,689-98-2644,"87355 Steven Wells
Grayview, UT 16796",Y,hours
297,Megan Robbins,378-67-5147,"50160 Banks Mill Apt. 244
Sharonview, MS 22850",Y,hours
298,Shannon Stewart,113-77-3133,"65009 Jeffrey Heights
Lopezburgh, AK 34796",Y,miles
299,Sean Johnson,178-53-2522,"PSC 7061, Box 9603
APO AA 72455",N,hours
300,Arthur Perry,690-36-4250,"580 Martinez Glens Suite 240
Port Anthonyside, WY 17942",N,hours
301,John Pratt,051-55-7816,"369 Glenn Road
Gillshire, ND 86592",Y,miles
302,Chase Price,398-97-3124,"950 Guerrero Pass Apt. 501
Goodwinstad, MT 60110",Y,miles
303,Dawn Brown,791-01-3945,"20963 David Hill
Hansonfurt, MO 51308",Y,hours
304,Robin Torres,133-12-1347,"0683 Olson Circle
East Jenniferside, VI 36499",N,hours
305,Michael Padilla,749-87-0979,"8656 Stacy Lake
Burnstown, HI 20913",Y,miles
306,Melissa Atkins,308-43-3789,"PSC 3581, Box 2679
APO AP 98307",Y,hours
307,Morgan Murphy,285-12-1944,"3356 Bradford Mews
Morganmouth, AR 07957",N,miles
308,Kari Escobar,096-17-8823,"993 Lisa Burg Apt. 204
Markland, MI 09192",Y,hours
309,Tasha Santos,072-60-3366,"14348 Evans Roads Suite 074
Karenmouth, CA 55598",N,hours
310,Diana Roberts,167-61-4358,"674 Lynn Ways Suite 966
North Randyhaven, WA 21276",N,miles
311,Rebecca Tanner,355-55-2976,"4536 Morrison Turnpike Apt. 927
Hernandezburgh, MD 39790",N,miles
312,Krista Barr,268-82-8451,"57870 Tina Corners Apt. 136
Nataliemouth, OR 19204",Y,hours
313,Nathan Lowery,463-90-1740,"374 Griffin Course Apt. 725
Port Zachary, PW 76630",N,miles
314,Keith Benson,037-82-9329,"8305 Juan Roads Suite 355
Lake Ebonybury, HI 84101",Y,hours
315,Daniel Duarte,871-95-9516,"310 Aguirre Manors Suite 356
Youngtown, FM 56719",Y,hours
316,Jessica Rivera,439-16-7838,"3069 David Keys
South Jon, KY 42153",Y,hours
317,Douglas Cochran,528-86-4719,"Unit 4452 Box 2709
DPO AE 20789",Y,miles
318,Jill Bonilla,498-60-8552,"48396 Robin Circles Suite 406
East Susan, AL 05662",N,miles
319,David Wells,468-25-3113,"178 Davis Harbor
West Robert, MO 04289",Y,miles
320,Jeffery Watson,351-17-1035,"USCGC Sandoval
FPO AE 01605",Y,hours
321,Pamela Clay,336-56-6930,"7798 Erica Fields Suite 223
Port Markmouth, VI 31536",Y,miles
322,Jamie Christian,716-06-2034,"4850 Gina Gateway Suite 377
Jonesland, TN 28575",N,hours
323,Larry Palmer,183-63-5166,"59145 Steven Cove
Gonzalezview, NV 28291",N,hours
324,Jessica Robinson,433-75-2508,"004 Rhodes Dale
East Emilychester, AZ 90015",N,miles
325,Jenna Fisher,711-31-5377,"79125 Byrd Mission Apt. 377
South Denise, WV 92215",N,miles
326,Jeffrey Henderson,653-61-2706,"0363 Joseph Plaza
Marshallfort, IN 33294",N,hours
327,David Howe,171-29-7994,"116 Casey Rest Apt. 179
Joneschester, PA 29126",N,hours
328,Jessica Bautista,002-63-7582,"098 Gonzalez Lodge Apt. 841
Anthonybury, MT 92436",N,miles
329,Michael Scott,574-50-3840,"6706 Peters Field
New Tiffany, TX 09824",Y,miles
330,Kimberly Williams,236-36-3274,"56065 Alexis Roads Suite 929
Lake Jennifer, VI 62884",Y,hours
331,Andrew Collins,116-18-8702,"694 Phillips Shoal Suite 886
West Johnnychester, CT 94250",N,miles
332,Maurice Stewart,099-23-9919,"518 Torres Fields
Christophermouth, MO 39766",Y,hours
333,Stephen Davenport,324-71-3370,"343 Susan Fords Apt. 335
Lake Emilymouth, GU 38139",N,miles
334,Joshua Russo,512-67-1828,"49794 Davis Mission
South Joseph, SD 41346",N,miles
335,Elizabeth Luna,322-83-7259,"36618 Martinez Valleys
Ryanburgh, VT 32904",N,hours
336,Samuel Park,587-82-1340,"5764 Frank Stravenue
West Williamchester, CO 49882",Y,miles
337,Michael Walter,250-84-6718,"586 Amy Wall
Danielborough, VI 44600",N,hours
338,Mark Anderson,411-39-4323,"041 Tony Spring
South Louis, CO 25611",Y,miles
339,John Perez,872-89-0557,"411 Jerry Loaf Suite 126
Jacksonmouth, NY 40213",N,miles
340,Alexander Rose,549-58-9850,"11043 Smith Meadows Suite 985
Port Joseph, PA 13184",Y,miles
341,David Odonnell,322-18-9752,"44374 Carrillo Heights
South Ricardoside, MS 75231",Y,miles
342,Robert Anderson,307-41-8660,"14830 Curtis Manors
North Judy, MN 52258",N,hours
343,Roberta Smith,717-58-7982,"783 Kelly Flats Suite 611
Lake Kristinville, MN 17279",Y,miles
344,Samuel Kerr,557-93-8398,"PSC 2994, Box 8642
APO AE 75380",N,hours
345,Dennis Johnson,836-73-4045,"23081 Matthew Plains Apt. 899
Port Marissa, NH 34502",Y,hours
346,Nicole Mitchell,319-74-9789,"440 Joseph Creek
Gomeztown, GA 06331",N,miles
347,Jonathan Brown,281-72-1901,"96804 Reed Estates
Cameronbury, AZ 09109",N,hours
348,Garrett Smith,511-21-6075,"90255 Rivera Mountain Apt. 105
East Keithmouth, WI 40294",N,miles
349,Edward Reed,528-46-6945,"18184 Moss Forks Suite 872
North Amandafurt, DC 77711",Y,hours
350,Anna Murphy,408-54-8039,"58414 Erica Terrace Apt. 810
New Christopher, ID 07962",N,miles
351,Amber Yang DVM,867-83-4864,"33846 Jimenez Via
Bakerborough, IL 46697",Y,hours
352,Corey Peterson,004-31-6126,"188 Karen Vista
Leachbury, AK 68830",N,miles
353,Anthony Jones,531-48-6725,"5776 Mendez Prairie Apt. 306
Christopherview, MT 39241",N,miles
354,Leslie Peck,763-57-9193,"USS Romero
FPO AE 93352",N,hours
355,Elizabeth Arnold,837-66-2206,"58183 Colon Stravenue Apt. 021
Lake Kristin, MO 51260",N,hours
356,Linda Chavez,378-03-9030,"4957 Corey Well
South Katherine, NH 48288",N,miles
357,Jeffrey Gordon,574-06-1324,"707 Brandon Road Suite 865
Port Ericside, NM 97014",N,miles
358,Veronica Hamilton,728-25-0197,"7261 Jonathan Green
Butlertown, VT 37683",Y,hours
359,Natalie Anderson,697-05-2168,"344 Johnson Green Apt. 004
Rebeccaview, OK 42917",Y,hours
360,Karen Hoover,004-39-5317,"782 Hardy Mission Suite 713
Port Jonathan, MO 70570",N,hours
361,Aaron Harris,398-05-4630,"2173 Gonzalez Pines Suite 905
New Kellybury, TN 19192",N,miles
362,Alexander Gonzalez,619-13-3331,"13604 Davies Cliffs
Hensleyland, VI 07673",N,hours
363,Brittney Torres,578-36-6083,"7558 Robert Knolls Suite 673
South Robert, HI 22007",N,hours
364,Paula Shaw,390-16-2097,"PSC 0611, Box 0772
APO AE 62745",Y,miles
365,Mrs. Lori Holland,662-14-5226,"9175 Miller Tunnel Apt. 387
South Roberthaven, UT 95716",Y,miles
366,Joanne Martinez,530-86-9969,"1370 William Circles
Bryanside, WA 40893",N,hours
367,Keith Mcbride,310-95-9841,"47057 April Spurs Suite 664
East Davidstad, HI 44222",Y,miles
368,Melissa Powell,060-49-3253,"0747 Joshua Glen Apt. 348
Triciafort, ID 72142",Y,miles
369,Terri Morris,232-93-1671,"03735 Cook Crossroad
Amyville, CA 44155",Y,hours
370,Joseph Nelson,522-64-0856,"618 Julie Mountain Apt. 927
North Lucashaven, NV 15293",Y,hours
371,Brian Smith,445-98-3413,"4719 Tracy Divide Suite 498
Michaelfurt, MO 19426",N,miles
372,Cynthia Woods,057-57-9006,"573 Wallace Rapids Apt. 985
Michaelside, DE 69537",Y,miles
373,Michelle Reed,662-83-0883,"0000 Leonard Estate Apt. 381
Nathanielville, SC 26866",Y,hours
374,Roy Nichols,028-73-4263,"009 Rollins Lodge
Douglasburgh, AK 47969",Y,hours
375,Jason Mendez,071-98-4910,"6745 Lopez Drive Apt. 988
Port Rebeccaberg, NM 67881",Y,miles
376,Nicholas Brown,851-59-1328,"8032 Reynolds Wall Suite 697
Ayerschester, SD 55214",N,hours
377,Sharon Obrien,457-65-6472,"261 Hayley Walk
North Antonio, RI 95793",Y,miles
378,Scott Fernandez,289-91-7975,"7557 Amanda Centers
Jacksonmouth, RI 30521",N,miles
379,Kimberly King,314-41-6477,"94525 Barrett Cliff
Jamestown, PA 01483",Y,miles
380,Jay Jimenez,459-69-6448,"79368 Laura Lights
New Leslie, MO 06628",N,miles
381,Brian Friedman,779-73-3192,"4974 Kevin Road Apt. 291
Wallacemouth, ID 80331",Y,miles
382,Hannah Walsh,851-61-8270,"38467 Hill Vista Suite 701
Lake Troy, WI 18250",N,miles
383,Ashley Sampson,040-19-6036,"15690 Hayden Union Apt. 095
Port Betty, KS 65154",N,miles
384,Scott Armstrong,258-97-2897,"17276 Madden Road Suite 706
Leestad, AS 21682",N,hours
385,Charles Owens,879-90-3980,"9212 Newton Point
Kylefort, OK 77793",N,miles
386,James Ashley,245-54-8804,"36585 Bailey River
West Brendashire, NM 76098",Y,miles
387,Danielle Henson,672-52-4825,"024 Thomas Mews Apt. 040
Johnsontown, MN 01765",Y,hours
388,Alexander Lara,706-32-0210,"61669 Kevin Wells
Jacksonborough, TN 39134",Y,hours
389,Olivia Lopez,792-05-8151,"5984 Elizabeth Spurs Suite 944
Riveraland, MS 29549",N,hours
390,Anna Moon,481-10-0083,"809 Andrews Springs Suite 400
South Justin, ME 66569",Y,hours
391,Meghan Graham,473-79-6808,"80689 Morris Valley Suite 560
West Kevinmouth, VI 45838",Y,miles
392,Christina Graham,380-31-9098,"9934 Joseph Points Suite 299
Wilsonside, HI 59806",N,hours
393,Krystal Chandler,736-44-4637,"USCGC Simpson
FPO AA 77865",Y,miles
394,Colton Hernandez,524-58-7588,"349 Wade Gateway Apt. 785
North Lance, NE 11409",N,hours
395,Sean Ford,317-48-8265,"82918 James Ferry Suite 603
Annburgh, IA 39001",Y,miles
396,Jeffrey Mccullough,298-93-5736,"USNS Watson
FPO AA 48164",Y,hours
397,Tom Rubio,813-24-3681,"760 Schneider Shores
Thorntonhaven, NM 64269",Y,miles
398,Mary Brown DVM,542-24-6035,"022 Bennett Ramp Apt. 433
Port Stephanie, RI 66134",N,miles
399,David Vazquez,112-55-3036,"41557 Levine Gateway
Mathisborough, GA 51238",Y,miles
400,Frank Robinson,542-86-6838,"33660 Nicole Vista Apt. 577
North Crystalchester, TX 93626",N,miles
401,Jeremiah Washington,614-74-5556,"702 Patrick Rapid Suite 103
Johnnyville, TN 40454",N,miles
402,David Graham,460-59-4906,"8965 David Parkway
New Rachel, MP 87557",N,hours
403,Julie Hamilton,661-73-4417,"170 Smith Burgs
Jimmyside, KY 22701",Y,miles
404,Victoria Smith,713-92-3432,"PSC 7685, Box 0829
APO AE 56667",N,miles
405,Ryan Watts,284-41-7553,"263 Wilson Grove Suite 756
Floresmouth, MO 14204",Y,hours
406,Kimberly Avery,462-11-4576,"022 James Neck Suite 073
Amandaville, IN 76377",N,miles
407,Danielle Thompson,562-94-9600,"354 Anderson Route
West Anthony, AL 04209",N,miles
408,Donald Monroe,460-90-4086,"73012 William Manors
Lawrenceview, MP 25498",N,hours
409,Ricardo Campbell,639-04-4147,"08202 Brown Grove
Jerrymouth, NY 17449",Y,miles
410,Charles Blair,358-96-7079,"812 Donald Forges Apt. 551
East Mark, NC 06852",Y,miles
411,Elizabeth Pennington,258-09-2622,"USNS Edwards
FPO AA 90735",Y,miles
412,Scott Jacobson,533-50-8338,"Unit 8681 Box 4638
DPO AA 43546",Y,miles
413,Brenda Rodriguez,560-93-1011,"628 Ferguson Camp Apt. 077
South Robertchester, GU 36355",Y,hours
414,Thomas Lyons,263-33-5837,"1602 Gonzales Springs
Gardnerchester, CA 78233",Y,hours
415,Loretta Wallace,740-75-0286,"604 Martinez Stravenue
Stephanieberg, CA 41008",N,miles
416,Vanessa Gray,663-55-8222,"4646 Williams Harbors
East Frankchester, VA 19405",N,hours
417,Janet Lane,577-36-0663,"920 Cunningham Ridges Apt. 698
Fowlerburgh, VT 29607",N,miles
418,Kelly Matthews,547-49-4800,"3257 Brianna Ridges Suite 378
South Michael, PA 84940",Y,hours
419,Keith Wagner,529-19-0907,"9728 Smith Rapid
Jenniferstad, TN 65184",Y,hours
420,Kevin Lewis,759-40-2344,"21403 Thompson Spring Suite 905
Danielfurt, SC 01106",Y,miles
421,Hunter Barry,515-73-0057,"63749 Castillo Walk Apt. 603
East Gail, MO 81349",Y,miles
422,Jordan Miller,393-35-2656,"391 Kimberly Heights Suite 582
Seanburgh, NE 81700",Y,hours
423,Christopher Wells,013-25-5676,"17720 Rhodes Plaza
North Jeffreytown, AL 04470",N,hours
424,Dan Mueller,474-47-7009,"983 Peterson Vista
South Juliatown, NY 56344",Y,hours
425,Daniel Adkins,892-80-3673,"PSC 9828, Box 1435
APO AP 87673",Y,miles
426,Kendra Roach,726-46-0850,"495 Hoover Well Suite 909
Deleonfort, VT 10772",N,miles
427,Tyler Rodriguez,116-41-3074,"3514 Downs Unions
West Amyshire, AZ 09324",N,hours
428,Jason Villegas,210-64-5105,"PSC 3119, Box 5704
APO AE 10554",N,hours
429,Patricia Parker,634-79-9275,"66312 Samantha Run Apt. 883
Rogermouth, OR 53267",Y,hours
430,Zachary Clarke,733-77-7316,"395 Mary Street
Carrollport, VT 37256",Y,miles
431,Sarah Ramirez,397-98-3849,"12514 Johnson Extensions
Millerbury, MO 80793",N,miles
432,Rodney Harper,263-17-6388,"9265 Amanda Center Apt. 450
Gibsonfort, MO 53699",Y,hours
433,Matthew Gonzalez,296-57-2429,"7177 Wayne Villages Suite 447
North Julie, PW 70838",Y,miles
434,Daniel Love,231-06-0131,"Unit 1515 Box 9409
DPO AE 90036",Y,hours
435,Kenneth Lucas,275-73-5297,"9087 Christian Corners
West Michellebury, MT 02700",Y,miles
436,Michael Phelps,844-51-2382,"971 Smith Village
Freemanborough, LA 17019",N,hours
437,Tasha Kennedy,050-51-8209,"4634 April Forks Apt. 673
West Carol, IN 16638",Y,miles
438,Michael Pena,684-98-7809,"3605 Harrison Via
New Veronica, NV 27439",Y,hours
439,Rachel Washington,253-87-8941,"9454 Kelsey Walk Suite 766
Port Paul, FL 35461",N,hours
440,Andres Guzman,796-43-2715,"722 Raymond Lake
North Chelsea, FM 04139",N,hours
441,Dawn Alvarado,155-85-6234,"514 Deborah Place
Robertston, CA 10904",N,miles
442,Stephen Simon,107-38-2760,"9478 Melissa Unions Apt. 791
East Shawnville, TN 75799",N,hours
443,Andrew Hansen,760-11-9193,"538 Sara Key Suite 744
North Benjaminstad, MO 62427",N,miles
444,Denise Wilson,006-09-7201,"4911 Reyes Via Apt. 886
Holtside, RI 57572",Y,hours
445,Jimmy Simmons,344-86-1622,"32236 Brenda Village
Coxhaven, VI 41006",Y,miles
446,Austin Lynn,419-43-8664,"6369 Campbell Plaza
Susanchester, MS 88457",N,miles
447,David Hubbard,513-05-7602,"3652 Denise Island Suite 819
Paulamouth, DE 34158",N,hours
448,Lisa Winters,002-62-9382,"0930 Ramsey Dale Apt. 494
South Brittanychester, IA 77520",Y,miles
449,Kimberly Elliott,043-01-6303,"0188 Alex Forge Suite 201
West Lance, OR 78690",Y,miles
450,Emily Edwards,306-72-1621,"974 Harry Cove
South Gabrielachester, LA 75615",Y,hours
451,Kenneth Hanson,834-17-9889,"970 Kim Path
Lake Michaelshire, TX 84708",N,miles
452,Brandi Gordon DDS,788-59-2639,"82015 Matthew Isle Apt. 691
Katherinetown, MS 30983",Y,miles
453,Michael Sanchez,626-42-8337,"1368 Shawn Greens
Lake Kylieberg, PR 35759",Y,miles
454,Victor Cook,634-72-5062,"PSC 6606, Box 3559
APO AE 27395",N,miles
455,Tammy Allison,481-59-0070,"4361 Joseph Pine
Hoffmanmouth, MO 48929",N,miles
456,Alexis Terrell,714-05-8592,"633 Pearson Dam Apt. 556
West Benjaminberg, MD 44783",N,miles
457,April Garza,104-05-7742,"170 Simmons Roads Apt. 800
Lake Samuel, AL 28378",Y,miles
458,Derek Garcia,283-26-8794,"USS Boyle
FPO AP 56470",N,miles
459,Anthony Crawford,840-75-8949,"1814 Rodriguez Ford Suite 186
North Charleschester, MT 29540",N,hours
460,Samantha Smith,128-14-2824,"337 Jennifer Island
East Nicholasstad, SC 08554",N,miles
461,Joshua Gonzalez,407-03-1138,"54504 Kathleen Burgs Suite 539
Port Stevenhaven, CT 40830",Y,hours
462,Matthew Richards,348-73-2621,"68701 Huang Via
East Wayneland, RI 22878",Y,hours
463,Sara Beck,393-91-8049,"PSC 6542, Box 1120
APO AA 95508",N,hours
464,Kimberly Sanders,482-77-4317,"588 Kelly Course
West Maryfort, IN 63805",N,hours
465,Gerald Jackson,487-91-4011,"42529 Maria Glens Apt. 168
New Courtneybury, MP 10812",N,hours
466,Ricky Love,825-42-2270,"81408 Todd Summit Suite 075
Pettymouth, MO 57368",Y,miles
467,Lynn Lopez,739-61-0054,"673 Joshua Station
New Michaelview, TX 76404",N,miles
468,Timothy Martinez,693-98-9071,"43094 Kevin Estate Apt. 289
South Ericachester, AR 73487",Y,miles
469,Michael Lin,758-53-4333,"85896 Turner Trail
South Christopher, KS 03213",Y,miles
470,Sarah Wheeler,497-45-6376,"9407 Patrick Island
Guerrabury, KY 37849",Y,hours
471,Karen Perez,128-58-8339,"PSC 5442, Box 3012
APO AA 27702",Y,miles
472,Deborah Richardson,611-05-6384,"4688 Daniel Circle Suite 125
Jimmyville, OR 23389",Y,miles
473,Kevin Miles,005-04-6446,"2819 Kelly Forges Apt. 848
Port Cassidy, WI 21913",N,miles
474,Melanie Patton,628-04-1821,"36604 Heather Mews
South Nathaniel, DE 09004",N,miles
475,Mary Smith,696-71-1792,"495 Brian Islands Suite 058
Dwayneburgh, AR 73510",Y,hours
476,Rachel Chavez,753-26-2593,"11723 Shelley Forge
Pachecochester, NH 15522",Y,miles
477,Bruce Arroyo,050-89-6405,"1828 Walton Lodge Suite 708
Howellside, OH 43941",N,miles
478,Danielle Green,087-65-7102,"93727 Lisa Squares
Lake Matthewport, VI 07848",Y,hours
479,Jason Martinez,765-40-2002,"9859 Benjamin Course
New Lisaville, WA 57488",Y,hours
480,Thomas Osborne,104-43-8909,"8302 Charles Gardens Suite 125
Dennisfort, IL 81588",Y,miles
481,Andrea Cooper,457-37-3832,"148 Nguyen Knolls
Smithberg, AS 26010",N,miles
482,Nicole Wilson,854-62-8651,"375 Kevin Pass
Wallaceton, NJ 96261",N,hours
483,Robin Obrien,001-88-0646,"Unit 4563 Box 9950
DPO AA 02272",N,miles
484,James Nichols,834-06-6733,"911 Aaron Fords Suite 573
Leeshire, SD 87148",N,hours
485,Karen Bailey,510-35-7249,"Unit 0126 Box 3430
DPO AP 39679",N,miles
486,Melissa Henderson,585-62-3667,"721 Cross Turnpike
Meyersland, NC 95895",Y,miles
487,Shane Robinson,224-45-7566,"866 Cherry Street Apt. 767
Laurenside, WY 01570",N,miles
488,John Smith,082-76-5918,"8739 Jones Mews Apt. 969
Brownfurt, AL 31197",Y,hours
489,Gregory Mills,872-06-9313,"6278 Salinas Branch
New Stephen, VT 71089",N,miles
490,Dr. Mitchell Hoover,501-77-3580,"04602 Carter Curve Apt. 892
South Jesseborough, NJ 05022",N,hours
491,Shane Key,849-18-1031,"9445 Terri Hills Apt. 542
Robertfurt, AZ 46036",Y,hours
492,Jeffrey Davis,214-49-0250,"80975 Harris Land Suite 319
Smithtown, CT 26465",N,miles
493,Richard Sanchez,320-38-9308,"90421 Julia Orchard
East Michellestad, MI 98573",Y,miles
494,Andrew Torres,181-30-1704,"5634 Isabella Prairie Suite 827
West Annetteview, NH 06065",Y,hours
495,Peter Garcia,819-94-6265,"10485 Jeff Bridge Apt. 874
Port Kennethview, NH 78705",N,hours
496,Jeffrey Rivera,612-68-1504,"79794 Jonathan Rapid Apt. 071
North Wendystad, PW 08889",Y,hours
497,Kim Hatfield,263-26-0034,"0593 Carl Mill
Lake Billy, MO 91006",Y,hours
498,Douglas Gordon,095-41-2110,"7412 Jennifer Shore
Lake Norman, FM 97127",Y,hours
499,Glenn Haynes,131-35-3339,"9271 Warner Mountains
Sanchezport, MS 61998",Y,hours
500,Donna Roman,813-28-3992,"Unit 2960 Box 2073
DPO AE 77626",Y,hours
501,Robert Richardson,564-83-8691,"94332 Christopher Lodge
East James, MT 26613",Y,hours
502,Kelly Bowman,496-27-3438,"291 John Fork Suite 607
East Alyssatown, MN 22317",N,hours
503,Claudia Nolan,272-92-8719,"52260 Harrison Villages
East Scott, VI 92192",N,hours
504,Jon Buchanan,548-44-6787,"63325 Martinez Drive Suite 944
West Danielbury, AS 85981",Y,hours
505,John Strickland,758-99-1335,"158 Keith Coves Suite 620
Randallport, MS 66871",N,miles
506,Jared Porter,498-28-9817,"01709 Douglas Gardens Apt. 491
North Christopherfurt, CA 95553",N,miles
507,Robert Atkins,810-36-0390,"62852 Dixon Mount
Loganview, PW 09269",Y,miles
508,Shelia Vasquez,465-26-4276,"9190 Gregory Terrace
West Jessicatown, GU 14305",Y,hours
509,Thomas Spencer,439-16-5149,"744 Mcfarland Pass Suite 745
East Alanshire, ND 28075",Y,hours
510,James Thompson,861-26-7081,"0795 Price Bypass Suite 978
Fordbury, MD 11920",N,hours
511,Robert Fox,364-63-2277,"05054 Gabriela Motorway
East Matthewside, SD 16623",Y,hours
512,Linda Phillips,180-11-4188,"171 Summers Pike
Payneside, MS 97246",N,miles
513,Matthew Santiago,894-09-0723,"3434 Ashley Freeway Suite 579
West Anna, SD 55944",Y,hours
514,Larry King,792-95-7237,"6878 Brown Highway Suite 276
Kimberlyshire, DE 39181",Y,hours
515,Nicole Burgess,818-69-6357,"7484 Kelli Way
East Douglas, NC 77839",N,hours
516,Pamela Riley,882-54-2650,"PSC 9614, Box 4513
APO AP 65812",N,hours
517,Becky Golden,823-50-4776,"393 Perez Harbors
Munoztown, OK 93290",N,hours
518,Robin Bowman,677-53-2646,"687 Edward Route Suite 937
Davisshire, MS 54068",N,hours
519,Christopher Willis,620-16-2639,"138 Dougherty Flats Apt. 925
East Shelia, VA 59392",N,miles
520,Frederick Levy,605-99-3332,"USCGC Doyle
FPO AA 45560",N,hours
521,Juan Bush,734-16-3532,"566 Murphy Villages
North James, WV 89905",Y,hours
522,Lisa Johnson,776-01-2568,"Unit 7054 Box 4039
DPO AE 14632",N,hours
523,Veronica Howard,739-81-2641,"440 Mary Cliffs
Deannaberg, VI 95830",N,hours
524,Joseph Cummings,567-40-0403,"540 Jennifer Shore Apt. 698
Port Taylorfurt, CO 67976",Y,hours
525,Charles Li,073-10-2324,"1380 Santiago Landing Apt. 811
Rebeccamouth, TX 66630",Y,miles
526,Melissa Burke,720-77-0703,"04542 Delgado Underpass
Trevorchester, SC 39007",Y,hours
527,Steven James,686-72-6335,"7257 Michelle Stravenue
Steventown, NC 45475",N,miles
528,Pamela Ramos,320-98-2183,"954 Andre Creek Suite 650
Port James, RI 84567",Y,miles
529,Wesley Wells,250-83-3325,"5666 Daniel Ramp Suite 013
New Ashley, MT 37162",Y,hours
530,Sarah Sutton,118-65-0546,"107 Chung Branch
South William, WI 03669",N,miles
531,Sarah Cameron,649-81-2338,"346 Mckee Road
Millsbury, PW 88222",N,hours
532,Cynthia Rocha,715-76-3309,"068 Steven Manor Apt. 159
Stevensport, KY 74901",N,miles
533,Stephanie Mendez,833-80-0238,"5904 Michael Centers Suite 374
Roberttown, LA 44515",N,miles
534,Beth Melton,510-55-1454,"PSC 7277, Box 8453
APO AP 17768",N,miles
535,Melissa Wood,083-40-8590,"50608 Edwards Loop Apt. 415
West Larryfurt, MN 52866",N,miles
536,Michele Ball,146-11-9780,"400 Leon Rest Suite 006
North Juliebury, NM 17726",Y,miles
537,Helen Manning,591-84-8893,"15087 Emily Drives
West Kyle, OH 33326",N,miles
538,Omar Carlson,069-89-9131,"21643 Chelsea Roads
South Aaronville, SC 22826",Y,miles
539,Robert Beck,781-82-2377,"469 Castillo Well
Omarstad, AS 99920",Y,miles
540,Bonnie Long,297-31-5385,"314 Walker Greens
Hannahfort, OH 41951",Y,miles
541,Sheri Russell MD,295-77-4577,"8595 Brooke Estate
Flowershaven, WY 14266",Y,miles
542,Brooke Cook,238-84-7962,"6723 Salinas Unions Suite 814
Sarahfurt, TX 39067",N,hours
543,Alan Barrett,820-30-9681,"01593 Erica Hollow
Port Robert, TX 83065",N,hours
544,Gabriel Hurst,468-32-0975,"3800 Ann Ports
Matthewside, MA 04477",Y,hours
545,Jared Newton,550-47-4866,"249 Gloria Squares Apt. 205
Shepardview, RI 27128",N,miles
546,Adam Walker,589-29-7150,"3314 Cindy Bridge
Amandashire, PW 24155",Y,miles
547,Shawn Miranda,706-43-9930,"2610 Shaffer Harbor
West Paulfort, KS 74466",Y,hours
548,David Braun,257-49-3510,"916 Rachel Dale Apt. 373
East Joseph, PW 40457",Y,miles
549,Joseph Jordan,724-33-9064,"06527 Torres Greens Suite 424
North Katelyn, NE 57241",N,miles
550,Michael Sloan,541-03-9463,"283 Katelyn Mountains Apt. 620
Lake Patrickland, NV 02288",N,miles
551,Joshua Brown MD,740-54-4131,"57851 Fernandez Well Apt. 717
Lake Melissamouth, GU 42479",N,hours
552,Allison Tyler,448-48-3040,"550 John Bypass Suite 689
New Emilymouth, NE 30841",N,hours
553,Kristen Davis,352-83-2762,"9225 Nancy Hills Apt. 012
East Pennyview, PR 71045",Y,hours
554,Kathryn Hall,511-80-5799,"57272 Reynolds Brook Suite 105
East Taylorshire, CO 75589",Y,hours
555,Christopher Ruiz,311-15-5710,"063 Katie Plain
Kristinland, VT 39031",N,hours
556,Sabrina Cortez,516-30-8369,"5783 Wise Pine Apt. 817
Jamesmouth, NV 90088",N,miles
557,Andrew Baird,510-60-7692,"03066 Phillips Rue
Port Kevin, AK 40683",N,hours
558,Robert Scott,818-94-8443,"24944 Silva Villages
New Garyfort, GU 08924",N,miles
559,Tony Oliver Jr.,469-31-4036,"0159 Debra Estates
Jessicahaven, VT 15379",N,hours
560,James Brown,707-87-0358,"8102 Stephanie Cliff
Youngborough, NE 97519",Y,hours
561,Amanda Daniels,816-73-5282,"81072 Chapman Ford
Philipton, NC 04622",N,miles
562,Teresa Delacruz,792-79-2507,"06526 Page Fields
Laurieside, CA 76181",Y,hours
563,Bradley Ferguson,751-99-4001,"40493 Bradley Islands
North Jessicaton, CA 98630",N,hours
564,Edward Sanchez DVM,692-36-4665,"8907 Franklin Trail
Rodgerschester, MI 52639",Y,hours
565,Joanna Harris,140-42-2621,"6096 Montoya Streets Apt. 161
Port Karen, HI 57837",N,hours
566,Anthony Curry,286-95-0152,"61132 Moore Extensions Suite 706
Rodriguezhaven, VA 54752",Y,hours
567,Sarah Brown,585-90-0263,"6379 Robert Haven
Biancachester, ME 12386",Y,miles
568,Scott Luna,282-27-7215,"248 Rebecca Manor Apt. 788
Wileymouth, OH 77416",Y,miles
569,Nicole White,544-21-5210,"20188 Robert Summit
East Fred, UT 33481",Y,hours
570,Karen Giles,504-28-8878,"047 Holly Inlet
North Stephen, NM 44011",N,miles
571,Willie Wells,721-87-1396,"PSC 8540, Box 0369
APO AA 66524",Y,miles
572,Beverly Wright,228-85-8662,"Unit 7576 Box 4324
DPO AP 20010",N,hours
573,Regina Guzman,166-17-1867,"666 Collins Pike
Port Lisa, PW 62098",N,hours
574,Scott Scott,310-93-5125,"383 Jill Plaza Suite 523
North Gary, CA 03636",Y,hours
575,Mr. Samuel Rocha,445-92-2341,"1219 Smith Rapids
Port Tyler, VA 44984",N,miles
576,Aaron Martinez,558-78-0023,"5827 Norris Island
New Seanview, NM 90358",N,miles
577,Jeremy Parker,400-81-3057,"120 Austin Rapids
Port Traciville, MN 71339",N,hours
578,Jay Griffin,077-87-4346,"57958 Mayer Ranch Suite 968
Lindseymouth, MH 69525",N,hours
579,Francisco Garcia,322-12-7814,"3122 Danielle Springs Suite 657
New Wendy, AZ 13211",Y,hours
580,Jordan Edwards,411-35-2540,"71649 Ronald Radial
South John, NH 48800",N,miles
581,Matthew Harmon,019-62-4598,"1286 Mark Rest
Jessicahaven, CT 05292",N,miles
582,Melinda Reed,750-73-7733,"9253 Fernandez Crescent Suite 638
Lake Heather, PR 97041",Y,miles
583,Melanie Scott,708-87-9713,"828 Buchanan Bypass Suite 455
South Scott, NY 42739",Y,miles
584,Elizabeth Banks,393-49-9915,"50569 Erica Valleys
Port Felicia, GA 15622",N,hours
585,Stephen Lawrence,633-27-7110,"2839 Edwin Villages Apt. 164
North Bryan, NE 96025",Y,miles
586,Katherine Scott,535-37-8121,"514 Patricia Crossing
New Jamesville, DE 94735",Y,hours
587,Janet Zhang,619-36-1295,"4292 Susan Path Apt. 811
Lake Stephaniehaven, MN 92928",N,miles
588,Christine Boone DDS,839-17-1878,"6068 Keith Forest Suite 535
Clarketown, NH 11574",N,hours
589,Zachary Brooks,815-19-2287,"356 Hart Underpass
Kimberlytown, VA 22357",N,hours
590,Allison Chang,883-50-6491,"89410 Kevin Hills Apt. 867
Wilcoxbury, NJ 38224",N,miles
591,Jacob Martin,399-69-8463,"PSC 8377, Box 8197
APO AE 65401",Y,miles
592,Sandra Houston,390-84-0610,"924 Alvarado Track Apt. 935
Wolfburgh, TX 49402",Y,miles
593,Abigail Murphy,282-57-0551,"613 Karla Villages Suite 418
Stevenfort, TN 90382",Y,miles
594,Jesse Figueroa,166-98-8777,"USNV Hansen
FPO AA 09243",Y,miles
595,George Carson,472-90-2282,"3936 Elizabeth Wall Apt. 559
Shawtown, IA 63843",Y,hours
596,Joseph Russell,127-83-5788,"Unit 3501 Box 9630
DPO AP 81060",N,hours
597,Ryan Gray,783-41-6159,"837 Armstrong Mount
Millerburgh, WV 67411",N,hours
598,Tyler Porter,310-17-5667,"30883 Karen Square
North Brittany, LA 33985",Y,miles
599,Diana Hill,626-02-9022,"853 Gardner Keys Apt. 060
Nguyenview, WA 74254",N,miles
600,Penny Pruitt,740-08-3263,"0682 Erickson Port Apt. 747
South Cheryl, RI 99047",N,miles
601,Karla Jones,599-64-5561,"70197 Justin River Suite 110
North Jesus, NH 41098",Y,hours
602,Joseph Howe,713-23-8483,"0630 Jonathan Mountains
Lake Larry, IA 82603",N,miles
603,Charles Walton,294-05-5597,"8796 Weiss Fords Apt. 633
Buckmouth, VI 14702",N,miles
604,Kayla Sullivan,219-07-5777,"333 James Shore Suite 717
South Donaldland, OR 21581",N,miles
605,Jessica Durham,812-30-6631,"221 Smith Ferry Suite 616
Saramouth, AZ 05051",N,miles
606,Christopher Martin,683-25-0001,"4732 Reynolds Dale Suite 394
South Harold, NC 63164",N,hours
607,Jenna Bates,092-91-4228,"Unit 6187 Box 9341
DPO AP 56228",N,hours
608,Heidi Wheeler,009-36-3865,"146 Miller Circle
Johnathanchester, VI 80431",Y,miles
609,Lori Rodriguez,131-42-4509,"2550 Paul Hills
Hebertbury, PR 87039",Y,hours
610,William Phillips,558-75-3668,"852 Lopez Ramp
West George, IL 06541",Y,hours
611,Brenda Nguyen,026-92-7038,"295 Jason Run Suite 982
Abbottmouth, FM 92922",N,hours
612,Christina Sanchez,062-23-5932,"3721 Molly Forge
Griffithborough, FM 48644",Y,miles
613,Deanna Rios DDS,270-28-3224,"368 Rubio Street Apt. 988
Collinsview, PW 87368",Y,miles
614,Benjamin Baker,347-17-6260,"4771 Angel Lake
West Reginald, OK 94624",N,hours
615,Brandi Nichols,479-32-2549,"5010 Adams Squares Suite 135
West Vanessaview, SD 62896",Y,miles
616,Heather Johnson,136-17-4517,"9168 Andrade Oval
Shannonshire, MN 69219",N,miles
617,Mitchell Miller,761-05-1524,"05712 Fritz Grove
Taylorborough, MP 65792",N,miles
618,Michael Olsen,351-31-1600,"4905 Hawkins Throughway Apt. 556
Christophershire, MH 29526",N,hours
619,Christopher Mccoy,712-54-7822,"053 Yu Fall
New Nicole, FM 61389",N,miles
620,Christine Vasquez,625-12-4410,"PSC 3171, Box 9596
APO AP 24859",Y,hours
621,Nancy Brooks,004-67-1090,"98065 Anderson Highway
Port Michelle, MT 39209",N,miles
622,Rhonda Ibarra,822-68-7505,"7660 Leslie Cliff
Lake Emilystad, OK 30492",N,miles
623,Anthony Rodriguez,482-42-8690,"377 Bell Shoal
New Jacquelinemouth, NJ 94422",Y,hours
624,Matthew Gutierrez,431-52-7242,"3156 Gary Walk
East Mary, AR 48924",Y,hours
625,Brian Johnson,512-36-9357,"420 Williams Cove
East Michelle, MN 28383",N,miles
626,Bradley Watkins,016-30-7113,"69278 Lee Mountains Apt. 198
Rhodesview, ND 76794",N,miles
627,Mary Smith,680-42-5931,"PSC 2854, Box 8219
APO AP 06005",N,miles
628,Jessica Foster,072-89-4737,"44351 Price Parkway
North Barbara, WY 90867",Y,miles
629,Adam Spencer,290-04-9868,"789 Hernandez Corners
Garciaside, OH 28912",N,miles
630,Christopher Peterson PhD,244-05-4959,"88229 Mendoza Rue Apt. 160
Lewisport, WY 13226",N,miles
631,Michael Williams,330-37-3593,"558 Brian Fort Apt. 612
West Tammyhaven, IA 43218",N,miles
632,Patricia Phillips,370-32-0780,"51507 Eric Alley Suite 591
Port Martinbury, IA 38719",Y,hours
633,Ashley Miller,638-70-2209,"174 Samantha Mall
Michelletown, MH 64668",Y,miles
634,Alex Gray,686-68-8824,"Unit 0222 Box 8436
DPO AP 99718",N,miles
635,Kathryn Novak,300-10-6129,"787 Joseph Unions Suite 075
Port David, VI 66208",Y,hours
636,Lisa Hawkins,398-35-8479,"02229 Camacho Bypass Suite 301
Lake Robertview, FM 08170",Y,miles
637,Malik Lucero,749-30-9755,"96696 Daniel Canyon Apt. 770
Katietown, CT 48427",Y,miles
638,Rachael Smith,280-09-9138,"87672 Katie Isle
Frankmouth, KS 31950",Y,hours
639,Victoria Mcdaniel,562-13-5492,"1043 Cunningham Forest
Juliefurt, PA 01055",N,hours
640,Jason Ellis,510-12-1897,"1506 Anderson Locks Apt. 668
Yorkview, AZ 72255",N,miles
641,Daniel Brown,142-99-8652,"37865 Jose Street Suite 104
New Thomas, WY 74388",N,hours
642,Brooke Liu,334-31-0100,"31654 Gary Extensions
Lake Jamiefort, IN 24835",N,hours
643,Gregory Rivera,623-01-7526,"234 Edwin Dam
Lake Robert, AK 43570",N,miles
644,Mary Taylor,578-43-2677,"Unit 2489 Box 5184
DPO AA 58305",N,hours
645,Shawna Payne,517-89-8875,"423 Mercer Row
West Karifurt, MT 56630",N,miles
646,Garrett Estrada,151-47-0886,"2808 Torres Rest Suite 243
East Sheri, KY 27968",Y,hours
647,Jennifer Montoya,859-61-6637,"PSC 9332, Box 7461
APO AP 62419",Y,miles
648,Julie Sullivan,652-94-2746,"7867 Walsh Bypass Apt. 269
West Cheryl, AR 74861",N,hours
649,Eddie Conway,395-91-9395,"433 Christina Mountain
Lawsonchester, ID 84609",N,hours
650,Holly Garcia,797-87-7721,"9100 Gonzalez Mountains Suite 114
West Elizabeth, CT 30930",Y,hours
651,Caitlin York,032-55-2928,"6070 Susan Corners Suite 081
Port Sandrabury, WI 73909",Y,hours
652,Kathleen Rangel,129-79-1346,"673 Hall Forges Apt. 639
North Teresa, WA 91857",N,hours
653,Ashley Mendoza,094-57-6767,"705 Anthony Gardens Suite 635
Port Sheilaport, GA 19267",Y,miles
654,Dylan Oliver,208-17-0680,"69136 Rodriguez Brook Suite 783
Bryantborough, MD 39931",Y,hours
655,Ricky Barrera,210-52-0083,"09172 John Path Suite 287
Lake Jessica, NY 73037",N,miles
656,Michelle Olson,717-96-6074,"5650 Moore Street
New Natashaberg, LA 76161",N,miles
657,Justin Sanchez,212-99-8882,"72239 Ellis Lake
Salinaston, VT 48077",Y,miles
658,Diane Marsh,043-37-0054,"28408 Alan Roads
Davisland, AR 98199",Y,hours
659,Michael Zhang,460-44-6278,"369 Laura Bridge
Richardhaven, VA 99301",Y,miles
660,Matthew Young,182-43-7128,"4882 Stacey Land Suite 218
West Kathleen, MD 99847",Y,hours
661,Mary Vance,066-03-4676,"262 Daniels Fort Apt. 712
Olsenfort, GU 83892",Y,hours
662,Caitlin Schultz,863-67-5172,"88364 Brianna Gardens
South Lisa, SD 91256",Y,miles
663,Angela Thomas,279-54-9506,"4768 Mary Junctions
Anachester, AZ 07268",N,hours
664,Jordan Byrd,524-71-4482,"65198 Charles Ferry
West Mistyfort, VA 61312",Y,hours
665,Alec Moreno,619-33-5322,"56245 Arnold Station Apt. 826
New Evanfurt, UT 37533",Y,hours
666,Bryan Edwards,584-42-2533,"076 Beth Creek
West Julieland, UT 26996",N,miles
667,Patricia Higgins,721-82-2477,"49336 Keith Neck Suite 117
Edwardston, NJ 58863",N,miles
668,Steven Thomas,168-14-4647,"557 Taylor Shoal
Bellside, ME 05295",N,hours
669,Richard Padilla,187-87-5948,"81383 Taylor Manors
East Laura, NV 39548",Y,hours
670,Todd Mcguire,533-39-5203,"04158 Jason Point Suite 696
Lake Alexamouth, GA 74829",Y,miles
671,Jennifer Richardson,844-86-5775,"474 Larsen Mountains
East Pamelaborough, MA 47363",N,hours
672,Dale Collins,585-69-9562,"6855 Robert Branch Apt. 751
Millerview, UT 01875",N,miles
673,Kenneth Villanueva,220-87-3561,"603 Hammond Cliffs
Perezfort, DC 16143",Y,hours
674,Patricia Owens,750-87-4980,"42999 Traci Valleys
Lake Heatherland, AZ 37803",Y,miles
675,Justin Parker,278-81-0789,"45108 Sheri Lane
Ericville, SC 07385",Y,miles
676,Katherine Kelley,479-52-2944,"1515 Sanders Summit Suite 688
West Deannatown, TX 48401",N,miles
677,Justin Chen,586-90-0300,"9672 Boyer Park Suite 970
Martinfort, VT 07564",Y,hours
678,Derrick Maxwell,394-78-2788,"2184 Robin Fall Suite 200
Lake Christinaside, PR 23735",N,miles
679,Mary Li,205-22-0902,"26432 Christina Land
Port Jamestown, MT 68793",N,hours
680,Joan Woods,741-52-4194,"16157 Hood Wells
New John, IN 47865",N,hours
681,Evelyn Fields,646-79-6892,"703 Smith Ports
Jenniferport, WY 73728",N,hours
682,Amanda Stuart,617-91-7049,"13417 Tony Mountains Apt. 802
Lake Kennethton, NE 44206",Y,hours
683,Katherine Chang,508-02-4534,"05886 Weber Tunnel Apt. 202
Colemanstad, NH 32516",Y,miles
684,Laura Johnson,564-01-3131,"7345 Lisa Glen
Kristafort, FM 40534",N,miles
685,Alicia Whitehead,288-75-7008,"84119 Cruz Prairie
Aarontown, MD 56115",N,hours
686,Robert Nichols,887-09-7840,"99294 Hernandez Branch Suite 614
Gomezport, AS 12452",N,hours
687,Laura Mejia,805-08-4744,"325 Chen Pines Suite 779
Goodwinberg, RI 57503",Y,hours
688,Jason Morrison,107-70-6728,"143 Joshua Row Suite 994
Ramosfort, TN 61956",Y,hours
689,David Cook,676-72-6596,"57557 Frazier Alley Suite 004
Moniquemouth, VA 86665",Y,miles
690,Ryan Taylor,558-10-2686,"82304 Courtney Forks Suite 399
North Jadeshire, SC 85235",N,hours
691,Kristopher Espinoza,673-18-4714,"9000 Rodriguez Bypass Apt. 719
East Robertton, IN 80348",Y,hours
692,Mark Simon,252-82-8082,"2646 Carly Port
East Sandra, IA 39700",Y,miles
693,Brandy Ali,310-07-8434,"68523 Gilbert Centers
Lake Elizabeth, PR 18934",N,miles
694,Peter Lyons,160-94-8415,"Unit 7606 Box 5775
DPO AA 05013",Y,hours
695,Janice Nielsen,318-70-4490,"847 John Glen
New Kathleen, RI 69394",N,hours
696,Angelica White,213-15-6115,"90640 Davis Spur Suite 723
New Pamelaton, NV 65638",N,miles
697,Daniel Hooper,643-32-8882,"557 Kathleen Track Suite 244
Kelseyberg, MA 59138",N,miles
698,Tina Williams,366-66-6340,"835 Moore Route Apt. 715
Lake Raymondfort, WI 04659",Y,hours
699,Alan Gordon,595-94-4019,"62159 Kim Haven Apt. 323
New Paul, DC 17636",Y,hours
700,Blake Thompson Jr.,243-60-4351,"234 Hector Drives Apt. 538
Weissborough, MI 95347",Y,miles
701,Jody Sutton,873-57-1680,"5044 Dana Knoll Suite 222
Christopherburgh, NC 26427",Y,hours
702,Ashley Reid,495-22-0383,"716 Archer Park
East Leon, OH 76526",N,hours
703,Ariel Miller,021-66-6679,"78005 Henderson Pike Suite 395
Ellenbury, WV 35855",N,hours
704,Pamela Finley,210-81-8588,"074 Harper Stream
Antonioville, PR 36134",N,hours
705,Mr. Daniel Moore,038-36-2233,"2483 Beverly Fields
Lake Taramouth, FM 67430",N,miles
706,Brenda Horton,421-57-3089,"3106 Manning Key
Port Daniel, WA 04918",Y,hours
707,Cory Gordon,109-06-7673,"USNV Burke
FPO AE 55194",N,hours
708,Adrian Anderson,243-81-1077,"PSC 9445, Box 6754
APO AP 93200",N,hours
709,Ms. Heidi Smith,593-71-7697,"18788 Bradley Lock
West Travis, OR 96706",N,hours
710,Noah Smith,055-47-3557,"869 Troy Burgs
North Jose, NE 52217",N,miles
711,Michael May,768-83-1025,"415 Jonathan Gateway Apt. 407
Danielsstad, DC 72178",Y,hours
712,Jordan Hodge,629-07-0718,"0581 Garcia Row Apt. 796
Glovertown, HI 39296",Y,hours
713,Amy Miller,615-61-7203,"00717 Michelle Centers Suite 443
West Cheryl, AK 19263",N,miles
714,Kevin Schneider,341-52-0484,"816 Howard Squares Apt. 894
New Dustin, MH 29366",Y,hours
715,Juan Campbell,562-79-8912,"9894 Deborah Radial
Pollardborough, HI 49264",N,hours
716,Kelly Turner,156-68-0781,"1984 Megan Grove Apt. 837
Elizabethfurt, HI 22336",N,miles
717,Kyle Sanchez,845-82-9978,"298 Karen Roads
Lake Ralphbury, NJ 24970",Y,hours
718,Luke Jones,547-94-1278,"8802 Scott Locks Suite 621
Chavezbury, ID 78768",N,miles
719,Jennifer Mccall,499-18-2771,"840 Eric Junctions Apt. 574
Joseland, VI 35145",Y,miles
720,Brandon Jones,861-05-5870,"62322 Sabrina Bypass
Michaelside, MO 97234",Y,miles
721,Anthony Bell,713-25-7604,"1854 Santiago Hill
East Haley, AZ 02404",N,hours
722,Debbie Valentine,244-24-3067,"378 Bonilla Shores Apt. 160
Clarkport, PR 90957",Y,miles
723,Heidi Smith,291-01-2126,"6741 Matthew Squares
Kevinview, MP 53375",Y,hours
724,David Shea,227-53-6814,"518 Robert Row Apt. 856
North Timothymouth, MD 30348",Y,miles
725,Theresa Brooks,347-80-6441,"USS Gibson
FPO AA 79834",N,hours
726,Nicholas Gordon,042-57-4846,"04374 Peter Hollow Apt. 772
Villarrealfort, CA 49793",Y,hours
727,Christine Holder,071-91-4554,"27865 Lisa Courts
Port Kimberly, MT 72983",Y,hours
728,Heather Yoder,228-10-8034,"Unit 7939 Box 7435
DPO AE 09233",N,hours
729,Warren Anderson,414-31-2658,"4667 Joy Light Suite 361
Matthewsland, PW 98936",Y,miles
730,Lucas West,520-41-2278,"09171 Andrea Mews
Summerborough, KS 51310",N,hours
731,Albert Barnes,564-58-1156,"21346 Alicia Land
South Kevin, PW 74977",Y,miles
732,Eric Wright,382-31-3581,"0396 Kelly Park Suite 271
Jocelynfurt, VI 70652",Y,hours
733,Cassidy Harrison DDS,139-01-7529,"46284 Alexander Lodge
Huntberg, WY 22102",N,miles
734,Yvette Burke,112-59-7265,"9428 Jose Passage Apt. 064
West Jamesview, MI 87651",N,miles
735,Jeffrey Jacobson,803-16-1811,"6269 Thompson Inlet
Ryanbury, VA 62073",Y,miles
736,Lauren Nolan,199-14-6557,"24252 Ashley Tunnel Apt. 256
Maryfurt, VI 56894",Y,hours
737,James Davis,053-36-9228,"064 Smith Parkway
North Grantborough, PA 64068",Y,hours
738,Jessica Perry,301-35-4623,"515 Martinez Locks
Shawfurt, AK 80514",N,hours
739,Sherry Garcia,729-70-9236,"40004 Robert Ways
Beckychester, TN 83997",N,hours
740,Francisco Brown,111-40-8395,"91659 Martinez Mountain
Port Donnaberg, SD 69996",Y,hours
741,Tracy Rodriguez,671-04-0529,"3207 Jackson Forge
Port Heather, CA 73173",N,hours
742,David White,120-62-6938,"372 Jacob Roads Apt. 950
South Alexis, OK 52308",N,miles
743,Zachary Lee MD,698-17-7669,"16405 Lisa Mission Apt. 334
Cooperstad, IL 36754",N,miles
744,Sharon Ward,050-97-1276,"843 Thomas Trail
Michaeltown, IA 27052",Y,miles
745,Amanda Smith,760-32-5010,"USNS Diaz
FPO AP 21356",N,hours
746,Daniel Wright,791-39-7364,"298 Jason Locks Apt. 473
Youngport, AR 66808",Y,hours
747,Joseph Schneider,605-44-3209,"31301 Hanson Harbor
South Annashire, ME 56981",N,miles
748,Vicki Zimmerman,066-72-6445,"USNS James
FPO AA 67562",Y,hours
749,Oscar Simpson,484-28-8451,"USS Wilkins
FPO AE 87261",Y,hours
750,Keith Lopez,805-89-4597,"2682 Russell Causeway
East Derek, MH 45839",Y,miles
751,Kevin Martin,143-08-6977,"7848 Lane River Apt. 002
West Gloria, TX 18300",N,miles
752,Frank Trujillo,182-29-4152,"741 Frost Camp
South Melanie, MD 92520",Y,miles
753,Tony Williams,817-13-9958,"PSC 9427, Box 3644
APO AP 76925",N,miles
754,Johnathan Walsh,647-18-1257,"1739 Sherri Harbors
East Joshuafurt, MD 40596",Y,miles
755,Brian Davis,391-81-5411,"094 Kelley Causeway Suite 843
West Dawn, UT 94925",Y,hours
756,Marissa Fletcher,556-26-7539,"32515 Christopher Haven Apt. 595
New Melindaview, MI 98806",Y,miles
757,Jennifer Wallace,734-53-2195,"001 Renee Junction Suite 086
Richardsonmouth, AR 42804",Y,hours
758,Andrea Reynolds,611-09-1779,"1928 Daniels Parkway
North Wendy, WV 89956",Y,hours
759,Carol Mata,386-68-1731,"9607 Travis Passage
Markberg, MN 53354",N,miles
760,Jake Allen,512-20-7867,"29977 Mitchell River Suite 575
Burketown, PR 43712",Y,miles
761,Nicole Wells,353-19-5161,"45031 Fisher Fields
Wardmouth, NH 02864",N,miles
762,Andrew Perez,493-37-6728,"202 Hunt Locks
Williamville, IA 18150",N,hours
763,James Schwartz,170-14-7119,"19652 James Points Apt. 343
West Brandon, IN 86982",Y,hours
764,Stanley Livingston,377-22-8764,"7376 Mcdonald Heights
North Chelsea, WY 58715",Y,miles
765,Albert Pacheco,590-21-1728,"5157 Austin Fall
Port Cindyberg, HI 27747",Y,hours
766,Eduardo Davis,114-17-8782,"614 Howard Village Apt. 074
East Kimberly, AK 99631",Y,hours
767,Anthony Riley,128-02-9042,"9305 Bryan River
Kathrynland, NH 79454",N,miles
768,Jamie Melendez,495-21-8096,"7297 Brett Falls Apt. 766
Nicholasbury, AL 67982",Y,hours
769,Daniel Miller,751-72-0634,"USCGC Irwin
FPO AE 16069",Y,miles
770,Angela Leon,408-25-6705,"81418 Jennifer Spur Suite 549
Caseyview, OR 09850",Y,miles
771,Trevor Vargas MD,860-75-8157,"328 Christina Villages
Lake Erica, TX 04675",N,hours
772,Alyssa Trujillo,070-22-9317,"029 Rebecca Spur Apt. 591
Carrberg, LA 09868",N,miles
773,Wesley Rodriguez,864-01-9453,"5429 Cole Lodge
Danielview, AS 11286",N,hours
774,David Green,887-55-3760,"638 Andrew Rapid
New Crystal, DE 90611",Y,miles
775,Andrew Murray,024-44-6571,"447 Sutton Vista
West Scott, UT 69999",N,miles
776,Samantha Brown,513-58-5542,"8863 Angelica Flat Apt. 178
Port Kenneth, VT 62792",Y,hours
777,Sherry Mcintyre,407-84-7242,"9624 Watson Mountain Apt. 474
South Christopherfurt, MT 45270",N,miles
778,Kimberly Li,117-55-8049,"90537 Samuel Knoll
North Michael, PR 78909",Y,hours
779,Gary Ford,676-27-8144,"35830 Terry Crest Suite 750
East Alex, TX 64212",Y,hours
780,Patrick Rivera,756-24-7564,"001 Taylor Mission Suite 869
Brandyfurt, LA 45873",N,miles
781,Tiffany Gill,102-80-8278,"USCGC Brown
FPO AE 76816",N,miles
782,Tricia Daniel,854-12-6928,"7858 Gonzalez Neck Apt. 150
Parkerborough, WV 98166",N,hours
783,Michael Martinez,207-11-1272,"249 James Hill
Nicholastown, SD 06214",N,miles
784,Jessica Wilson,243-65-8265,"56979 Scott Motorway Apt. 016
Burchborough, SD 12952",N,miles
785,Jacob Thompson,585-10-5612,"34748 Miller Mills Suite 473
North Tamara, VT 43480",Y,miles
786,Tyler Clark,780-59-1045,"8600 Craig Ford
West Shawnland, NV 28879",N,hours
787,Jason Vasquez,314-61-4004,"27298 Parks Gateway Apt. 639
Perezfurt, ID 81122",Y,hours
788,Anthony Mendoza,881-76-1494,"012 Phillip Divide
New Matthewborough, OK 78183",Y,miles
789,Paula Cardenas,460-60-5201,"334 Yates Hills Apt. 167
Tylerside, VA 46385",Y,hours
790,Elizabeth Taylor,673-02-7474,"0105 Tracy Burgs
West Donna, MT 34983",Y,miles
791,Daniel Herring,120-34-0249,"USCGC Scott
FPO AP 55727",Y,miles
792,Rebecca Curtis,273-19-3156,"9088 Nelson Courts
Dustinberg, NM 87103",N,hours
793,Jacqueline Watson,193-13-2127,"PSC 6284, Box 3480
APO AP 45811",Y,miles
794,Nathan Sosa,813-89-4138,"147 Shannon Dam Suite 781
Santiagotown, ND 97226",Y,miles
795,Matthew Pena,469-59-9936,"2939 Thompson Haven Apt. 295
Port Davidmouth, CT 27034",N,miles
796,Ethan Clark,356-25-4802,"3594 Reed Mount
Kellyborough, MN 71398",N,miles
797,Nicole Barnett,407-18-6354,"18017 Angelica Fork Suite 326
Jasonhaven, AS 93164",Y,miles
798,Dr. Lee Martin,791-35-6710,"4259 Pena Mills Suite 787
North Jennifershire, CO 58951",N,hours
799,Stephen Sherman,658-89-4320,"31124 Vega Rapids Suite 147
Port Steven, ME 02859",Y,hours
800,Miss Brittany Carey PhD,267-83-6370,"PSC 8440, Box 6371
APO AE 18273",Y,hours
801,Kenneth Fernandez,708-88-5960,"74390 Katie Expressway
New Terrimouth, HI 05407",N,miles
802,Andrea Barber,263-16-9622,"627 Sharp Ridges
Mercedesville, AZ 10666",N,hours
803,Vanessa Taylor,614-41-2167,"Unit 1735 Box 8514
DPO AA 27137",Y,hours
804,Thomas Anderson,828-30-6280,"4816 Cody Circle Suite 810
Ryanhaven, UT 87896",Y,miles
805,Vickie Young,313-63-5463,"2636 Jennifer Dam Apt. 145
Garciaton, VA 22137",N,hours
806,Veronica Ramos,748-59-1899,"87395 Warner Road
West Matthewfort, LA 85446",Y,hours
807,John Williams,727-70-4460,"79889 Randall Shores Apt. 657
East Ryanville, PR 77755",N,miles
808,Erin Sanford,254-99-0877,"9714 Melissa Extensions
South Adriana, MI 57245",N,miles
809,Gregory Peters,848-88-9721,"64571 Michael Spur
Tonyaport, AK 12739",Y,hours
810,Yolanda Park,803-40-2225,"99845 Michelle Trace
South Brenda, MN 27898",N,hours
811,Philip Ritter,193-96-3695,"USS Murphy
FPO AP 54652",Y,hours
812,David Henson,412-86-8365,"USNV Day
FPO AA 46812",N,hours
813,Donald Brown,078-98-4310,"253 Hill Turnpike Suite 220
Brandiport, ID 94938",Y,miles
814,Shawn Dean,194-58-6858,"423 Alexander Street Suite 116
East Melanieland, SD 66513",Y,miles
815,Joanne Holland,762-32-6033,"75817 Jessica Ways Apt. 556
Lauraview, AL 13696",Y,miles
816,Casey Johnson,485-31-2465,"545 Diana Gardens Suite 681
Lake Craigborough, MN 86317",Y,miles
817,Charles Russell,294-96-8739,"91375 Atkinson Inlet
South Lindsaybury, NE 46820",Y,hours
818,Rebekah Castillo,644-34-2765,"43604 Danielle Vista
Kristimouth, AS 33860",N,hours
819,Alyssa Hamilton,696-76-5837,"021 Warren Vista
Bishopshire, MI 30134",N,hours
820,Christine Williams,406-01-4701,"4126 Derek Forge Suite 477
Matthewmouth, NM 54803",Y,miles
821,William Martinez,073-35-4363,"72083 Smith Ridge
Kellystad, PW 20619",Y,hours
822,Jay Bruce,784-04-7818,"2724 Gray Ports Apt. 025
South Jessica, VA 36951",Y,hours
823,Thomas Ortiz,707-26-3334,"92402 Torres Isle
Parkerburgh, CA 78828",N,hours
824,Tami Garza,086-20-9114,"652 Hale Crossing
Port Elizabeth, SD 70059",Y,miles
825,Morgan Nicholson,125-87-2281,"320 Ali Camp
East Michaeltown, OR 96115",Y,hours
826,Paul Farmer,390-36-2998,"PSC 7505, Box 4643
APO AP 75159",N,hours
827,Angelica Chung,641-15-8022,"03590 Melissa Junction Apt. 259
Charlottebury, PA 75781",N,miles
828,Jeremy Bauer,872-55-0875,"Unit 6444 Box 8205
DPO AE 93845",Y,miles
829,Amanda Reed,435-29-2865,"95353 Bates Pike
New Eric, IN 98297",Y,hours
830,Lisa Bullock,392-23-0575,"2718 Jessica Views
Kristifort, WY 98485",Y,miles
831,Suzanne Howell,858-05-8164,"2169 Michael Harbor Suite 275
West Robertfort, RI 41572",N,miles
832,Janet Perez,885-13-8897,"654 James Locks Apt. 722
Smithberg, AL 62575",Y,hours
833,Kelly Hernandez,582-04-5443,"4438 Gaines Roads
South Curtisburgh, MS 27007",Y,miles
834,Michelle Johnson,768-61-3008,"9504 Walker Forge
Chambersville, SD 11674",Y,miles
835,Sara Summers,081-47-0633,"37059 Christina Manor
South Amanda, VT 47898",N,miles
836,Alan Walters,560-48-6773,"71899 Hernandez Prairie Apt. 909
South Ianburgh, KS 97229",Y,hours
837,Timothy Gamble,598-73-7228,"412 Emily Wall
North Donaldshire, VT 47461",N,hours
838,Christopher Patrick,572-74-7008,"39737 Jason Lakes Suite 548
North Michaelhaven, KY 12463",N,miles
839,Amanda Wong,713-11-7781,"259 Hurley Pines Apt. 126
South Dustin, MI 22777",N,hours
840,Kerry Riley,852-75-1267,"USS Smith
FPO AE 56508",Y,miles
841,David Oliver,307-41-9171,"211 Carmen Flats Suite 660
Richardside, DE 18984",Y,hours
842,Donald Waller,132-52-4768,"7093 Shannon Greens Apt. 906
Chenshire, WI 46591",N,hours
843,Veronica Ramirez,787-06-8292,"5314 Russell Groves Apt. 567
South Thomasberg, UT 11963",N,hours
844,Alex Brown,614-54-9093,"652 Lisa Islands
South Saramouth, FL 44817",Y,miles
845,Lindsey Morris,257-09-1925,"6466 Wells Forest
West Jennifermouth, ME 07004",N,miles
846,James Gilmore,241-36-2351,"11652 Cisneros Parks Suite 772
Jessicaland, FM 80080",Y,hours
847,Mr. Calvin Davis DDS,659-89-0661,"19226 Rice Pines
Carlaland, ID 65907",N,hours
848,Philip Hanson,021-89-5936,"563 Janet Via Apt. 616
Robertsmouth, AS 27849",N,hours
849,Austin Lopez,120-86-2404,"233 Hampton Extension
East Jacobstad, IL 86500",N,hours
850,Amy Taylor,590-11-7916,"3403 Cathy Orchard
Port Lee, AK 82636",Y,hours
851,Donna Morales,843-36-2910,"PSC 8166, Box 8987
APO AE 77846",N,miles
852,Mary Campbell,170-26-0245,"1826 Allen Ford Apt. 291
Lynchport, GU 98823",N,miles
853,John Ross,442-21-1928,"75409 Pena Stravenue Apt. 998
Shawville, MP 85367",Y,miles
854,Christine Huber,031-32-2229,"9105 Oconnor Crescent
Robinshire, OH 30062",N,miles
855,Samuel Ortiz,697-99-9841,"01549 Johnston Fort
New Joyce, KS 03814",N,miles
856,Seth Brown,132-42-7747,"08005 Tracy Fields Apt. 921
West Paulfort, NY 87257",Y,miles
857,William Ellis,002-31-7158,"Unit 3713 Box 5398
DPO AE 79435",Y,miles
858,Jonathan Thomas,057-40-6390,"779 Christopher Locks
Lake Jeffrey, WY 42901",N,miles
859,Theresa Bernard,268-49-3122,"805 Simmons Port Suite 521
South Jonathanborough, NH 60775",Y,miles
860,Kimberly Coleman,665-97-2920,"4843 Anderson Viaduct
Port Jeffrey, WI 53559",N,miles
861,Monica Beltran,155-50-7110,"78452 Heidi Land Apt. 123
Grossmouth, MO 77531",N,miles
862,David Stevens,639-09-6030,"59087 Tiffany Passage Suite 699
Joanchester, RI 43732",Y,miles
863,Jennifer Holder,643-23-1974,"03698 James Ville Apt. 006
South Robertstad, IA 13107",N,hours
864,Karen Mitchell,090-08-4598,"206 Julie Mission Apt. 151
East Matthew, GU 99245",Y,miles
865,Sara Choi,791-69-5327,"0637 Dixon Extension Suite 573
Lake Jeffrey, NM 70793",N,hours
866,Karen Johnson,628-46-9228,"5009 Shawn Port
East Robertshire, TN 75727",Y,hours
867,Aaron Campbell,386-27-8444,"243 Autumn Ranch
Murphyview, CA 73232",Y,miles
868,Stephanie Frazier,480-12-3309,"925 Delgado Mill
Sandrabury, MS 20405",N,miles
869,Jessica Rivera,121-63-1737,"315 Katrina Junction
Tammyshire, ND 98738",Y,miles
870,Denise Carter,115-78-5080,"9848 Cheryl Cliffs Apt. 130
West Mary, AR 02738",N,hours
871,Catherine Mcfarland,876-15-9011,"2910 Bernard Freeway Apt. 591
Smithburgh, OR 76280",N,hours
872,Dylan Powell,602-74-6582,"6854 Cochran Row
Michelleland, NM 58937",N,hours
873,John Grimes,196-03-3318,"5242 Mark Lock
New Jenniferstad, LA 96334",N,hours
874,James Jones,623-31-2230,"51760 Thomas Branch Suite 637
Colemanhaven, MO 78906",Y,hours
875,Matthew Robinson,555-09-9139,"225 Wagner Locks Suite 341
South Wendy, ID 91552",N,miles
876,Joseph Morris,889-40-7818,"5351 Roberta River
Jacobsfort, MP 29774",Y,miles
877,Christopher Anderson,046-98-4749,"PSC 3875, Box 5683
APO AE 94775",Y,miles
878,Andrew Fields,532-25-1055,"422 Johnson Oval
Sheriberg, SC 80060",Y,hours
879,Albert Brown,784-08-5074,"865 Aguilar Via
Meyershire, AR 34523",Y,miles
880,Mary Alexander,691-93-1618,"8825 Hendrix Glen
Johnnyton, AR 92733",N,miles
881,Jose Cook,176-39-8367,"3700 White Island Suite 968
Port Jeremy, VI 41177",N,hours
882,Seth Williams,172-85-0521,"9858 Sullivan Lodge Suite 055
Lake Matthew, NJ 40220",Y,hours
883,Kyle Fowler,715-87-9169,"496 Mercado Neck
South Charles, WY 17296",N,hours
884,Samantha Anderson,104-49-2033,"USNV Henry
FPO AA 18386",N,hours
885,Richard Smith,897-80-0802,"471 Scott Skyway Suite 174
South Kimberlymouth, IA 07773",N,hours
886,Teresa Cruz,114-58-9651,"654 David Mountains Suite 969
Lake Jonathanhaven, TX 77032",Y,miles
887,Brian Taylor,880-78-4154,"329 Hunt Hill
West Larry, WA 35902",Y,miles
888,Gail Davis,644-04-0472,"307 Richard Coves Apt. 501
Stephaniemouth, TX 30767",N,hours
889,Amanda Roberts,150-12-4794,"PSC 5993, Box 9658
APO AA 06269",Y,hours
890,Amy Jackson,358-98-0024,"0977 Diaz Trafficway Suite 644
West Kevinborough, MH 59182",Y,miles
891,Joseph Fowler,372-94-3363,"2818 Angela Parkway
Donaldton, TX 12106",Y,miles
892,Kathy Le,495-71-6475,"443 Mitchell Meadow Apt. 370
Brownbury, NE 67056",N,hours
893,Mrs. Karina Petersen,376-95-0732,"47543 Stone Ridges
Zoefurt, MS 30548",N,hours
894,Jacob Little,508-86-7123,"635 Karen Neck
South David, AL 93714",N,hours
895,Jason Mitchell,530-83-8212,"34645 Gina Unions Suite 433
Jamesfurt, CT 09763",N,miles
896,Rebekah Carr,708-81-3490,"24319 Cherry Lodge Suite 546
West Jaimestad, RI 46233",N,miles
897,Stephanie Jones,646-15-2118,"31462 Stanley Locks Apt. 458
Kimfurt, MT 04880",N,miles
898,Jody Cooper,551-06-0149,"PSC 4442, Box 9842
APO AP 96327",Y,miles
899,Leah York,708-68-7308,"207 Morgan Crest Suite 601
Lake Michaelstad, OH 77098",N,miles
900,Tammy Johnson,224-08-3741,"77664 Lucero Road
Williammouth, MP 73047",Y,hours
901,Shawn Shaw,101-87-9840,"009 Meagan Springs
Tammymouth, CA 21988",Y,hours
902,Christopher Holland,355-69-7418,"USNS Diaz
FPO AE 72590",N,hours
903,David Garrett,646-82-9312,"7764 Rebecca Loop
West Daniel, CO 67989",N,hours
904,Maria Lester,607-50-4531,"3406 Martin Stravenue
Lake Patrick, VI 49591",N,hours
905,Ernest Davidson,356-91-9834,"94189 Gallagher Underpass Suite 647
West Jeffrey, IL 64928",Y,hours
906,Kenneth Barrett,308-46-4118,"335 Vance Squares Suite 506
Williamsland, CT 93207",Y,hours
907,Christopher Goodman,044-41-2741,"1947 Rollins Track Apt. 805
Coryland, NM 20065",Y,hours
908,Angela Bennett,475-59-6320,"USNV Miller
FPO AP 55461",N,miles
909,Molly Wilson,293-76-2146,"776 Cain Trail Apt. 622
South Cynthia, PR 75063",N,miles
910,Crystal Valenzuela,630-78-8067,"04153 Allison Skyway
Port Michaelbury, WV 05034",Y,hours
911,Donna Pennington,385-25-5555,"62618 Helen Dam
East Dana, HI 78461",Y,miles
912,Reginald Johnson,326-07-5203,"025 Hines Forest
North Heidishire, MO 15380",Y,hours
913,William Gonzalez,722-70-7893,"03469 Swanson Shore Suite 796
Richardburgh, OH 54664",Y,hours
914,Mr. Lee Sanford II,076-76-9953,"585 Jonathan Rapid Suite 559
South Paul, NV 84007",Y,miles
915,Carrie Burton,496-41-2087,"3749 Thomas Lodge Apt. 073
Markbury, AZ 04459",Y,miles
916,Tiffany Johnson,138-63-8835,"949 Patel Via Apt. 506
Wattsfurt, GU 54987",Y,miles
917,Jeremiah Atkins,784-98-3683,"583 Timothy Estate
East Zachary, WI 95013",N,miles
918,Lisa Vargas,525-05-3879,"081 Williams Bypass Apt. 529
South Amyhaven, DC 55113",Y,hours
919,Melissa Hicks,500-50-0791,"38395 Lam Squares Suite 112
Roseland, UT 28385",N,hours
920,Veronica Sanders,407-39-3975,"245 Gibbs Lodge Apt. 045
Wendyfort, NH 07814",Y,miles
921,Mark Scott,364-49-3046,"133 Shaw Tunnel Apt. 867
West Phillip, VA 48648",Y,hours
922,Janet Moore,791-53-9783,"45352 Andrew Road Suite 619
South Austin, WA 85419",Y,hours
923,Donna Fox,204-82-4107,"412 Jeremy Manor
North Daniel, OH 96213",Y,hours
924,Tina Mercado,260-65-7375,"22741 Warren Road Suite 913
Normanshire, SC 34516",N,miles
925,Jose Green,435-42-8735,"56543 Graves Vista
New Melanieberg, MA 52419",N,hours
926,Gilbert Anderson,505-68-4579,"010 Jessica Ranch
Parsonsshire, WI 29383",N,hours
927,Cynthia Holt,083-60-3869,"9753 Catherine Throughway Apt. 683
Port Brandonshire, KS 14307",N,hours
928,Isaiah Chandler DVM,506-93-9611,"574 Jacobs Harbor
South Jeremy, CT 46330",Y,hours
929,Haley Stewart,512-29-1274,"994 Richmond Overpass
North Kelseymouth, IN 66496",N,hours
930,Ryan May,636-99-8584,"485 Ramirez Fork Apt. 188
Stewartside, CO 05418",N,hours
931,Robert Lucero,421-17-5842,"8465 Beltran Bridge
South Brian, VT 40396",N,miles
932,Carol Espinoza,521-30-4712,"757 Bennett Ridge
Chloefurt, NH 16012",Y,miles
933,Randy Wiggins,415-08-0909,"366 Brendan Club Apt. 261
Alyssafort, AK 74317",N,miles
934,Heidi Callahan,703-75-6988,"220 Parker Falls
New Robertchester, NY 55523",N,hours
935,Lindsey Hill,336-11-7966,"5285 Cox Knoll Suite 319
Lake Davidside, AK 73502",N,hours
936,Ronald Owens,805-07-5010,"USNV Vazquez
FPO AA 55225",Y,miles
937,Christopher Griffith,129-82-4437,"14115 Brandon Parks Apt. 984
New Adamberg, KY 72514",N,hours
938,Jessica Myers,160-29-2337,"9909 Harris Cape Suite 609
Andreafort, WI 88932",N,hours
939,Kathryn Thompson,707-98-6104,"4698 David Overpass
Vargasburgh, CT 95551",Y,hours
940,James Johnson,829-96-1809,"861 Zachary Corners
Deanstad, AR 73319",Y,miles
941,Stephen Leon,812-71-1772,"2189 Stewart Lodge Apt. 582
East Chelseyfort, CT 47197",N,miles
942,Daniel Smith,223-15-7468,"65797 Corey Spring
East Laurashire, TX 91498",N,hours
943,Angelica Bennett,401-39-7970,"70597 Becker Isle
North Keith, VI 26184",N,hours
944,Joseph Jones,323-68-6282,"87672 Curry Groves Apt. 321
West Amy, WV 88998",N,hours
945,Brandon Dickerson,614-79-0522,"937 Tina Valleys Apt. 388
Guzmanberg, MH 05085",N,miles
946,Denise Allison,775-18-6271,"38371 Owens Unions
Port Daniel, MO 02392",N,hours
947,Steve Hardy,327-11-0342,"899 Troy Parks Apt. 337
Raymondfort, NH 84605",Y,hours
948,Jeffrey Brady,840-61-2139,"4926 Estrada Mission
Lake Jeff, VI 23556",N,miles
949,Alexis Gutierrez,331-88-6817,"317 Jenkins Stravenue
New Kiara, NV 89800",Y,miles
950,Sherry Rodriguez,144-73-4075,"66932 Petty Rapid Suite 369
Amandaside, UT 44586",N,miles
951,Donna Evans,703-29-6964,"9626 Stark Shore
New Deborah, SD 02522",Y,hours
952,Mary Young,854-81-3781,"938 Connor Ports Apt. 496
Richmondland, SD 92697",Y,hours
953,Monique Doyle,086-17-4296,"91222 David Pass Apt. 568
Smithhaven, MO 28073",N,miles
954,Heather Hatfield,558-96-1776,"0017 Martin Fort Suite 456
Carrilloberg, PR 68755",Y,miles
955,Timothy Lee,037-61-8141,"1065 Austin Courts Suite 169
South Amanda, VA 87197",Y,hours
956,Sarah Fernandez,033-63-8130,"81417 Rogers Trafficway
Emmaview, HI 03365",N,hours
957,Sherry Carter,369-51-3603,"89112 Kayla Inlet
Allenfurt, MA 42335",Y,miles
958,Margaret Day,199-31-2075,"2504 Bell Valleys Apt. 467
Moranville, MP 51409",Y,miles
959,Andrea Sherman,667-49-4715,"7599 Charles Greens
South Rebekahland, CA 82123",N,miles
960,Nicholas Russell,576-02-5975,"0135 Kimberly Forest
Lake Justin, RI 94898",Y,miles
961,Anne Torres,083-31-1341,"7890 Christine Crossing Suite 063
Port Ann, MO 03120",N,hours
962,Abigail Dawson,300-81-9339,"907 Margaret Hollow
Estradafort, PW 82421",Y,hours
963,Elizabeth Logan,242-33-2592,"Unit 5297 Box 5250
DPO AE 47384",Y,hours
964,Joseph Hatfield,790-66-1399,"22576 Porter Summit
South David, MO 76797",Y,miles
965,Carla Warren,438-89-1360,"1697 Garcia Wall
Shaneland, IN 96274",N,hours
966,Gloria Edwards,783-26-2332,"393 Michael Forge
Berryfurt, MI 59372",Y,hours
967,Amy Wright,324-52-5422,"527 Richard Coves
West Amyhaven, CA 57215",Y,hours
968,David Bentley,615-88-4406,"875 Ayala Overpass
New Timothytown, OK 83936",Y,hours
969,James Bass,878-47-8296,"96643 Page Mountain Suite 884
Gutierrezhaven, AL 49283",Y,miles
970,Daniel Small,880-82-8178,"94796 Christine Gateway Apt. 387
Robertsborough, TX 74408",Y,hours
971,Frank Sanchez,383-10-5893,"89686 Brian Cove
East Ashleyville, MA 80572",N,hours
972,Amber Cole,507-34-3680,"47243 Hudson Spring
South Beverly, KY 51866",Y,hours
973,Dana Gates,804-51-2861,"6444 Rowe Harbor Apt. 787
West Pamela, TN 35385",Y,hours
974,Courtney Dodson,883-59-4729,"3480 Aaron Islands Suite 624
Port Vernonfort, VA 27146",N,miles
975,Laurie Vasquez,040-15-3763,"91255 Daniel Green Apt. 773
East James, MP 66661",Y,hours
976,Alicia Green,761-22-8224,"661 Jessica Roads
Dianemouth, KS 90561",Y,miles
977,Donna Hughes,438-62-9772,"01636 Katie Plaza
Robinsonborough, KS 03423",N,hours
978,Terry Brown,593-25-0358,"086 Jeremy Meadows Suite 180
Christopherfurt, NY 92220",Y,miles
979,Linda Parks,015-12-9785,"157 Patricia Bridge
Lake Shelby, NJ 60102",N,hours
980,Annette Chambers,762-35-5626,"Unit 7000 Box 5365
DPO AP 29765",N,miles
981,Peter Harrison,234-12-6707,"888 Tony Mill Apt. 888
Terrellville, MT 71466",N,hours
982,Taylor Wong,092-30-9424,"23940 Wright Knoll
Port Mary, VI 61514",Y,hours
983,Bryan Walker,036-15-7138,"0231 Rivers Underpass
Port Davidmouth, MD 30876",Y,hours
984,Mr. Aaron Jackson,578-68-2814,"66383 Hunter Point Apt. 168
East Edward, CA 65629",N,hours
985,Heather Lee,565-84-3205,"90691 Jerry Forks
Ericaview, RI 22486",N,hours
986,Penny Baker,258-96-1436,"PSC 9538, Box 7378
APO AP 84980",N,miles
987,Shelly Lambert,208-99-7256,"176 Sanchez Rapid
Rayland, GA 96299",Y,hours
988,Sara Lopez,236-46-3587,"094 Martinez Valleys
North Aaronview, FM 67232",N,hours
989,Joseph Little,600-97-7165,"60225 Eric Valley
Booneside, WY 10464",Y,hours
990,Tommy Merritt,157-63-3070,"26111 Amanda Forks Suite 426
West Anthonyside, SC 13201",N,miles
991,Patricia Rogers,072-78-7941,"1604 Harrison Dam Suite 921
West Sonyaport, OK 46157",N,hours
992,Laura Anderson,200-29-2769,"07909 Alexander Grove
Fullermouth, NM 20839",Y,miles
993,Amy Diaz,221-44-7700,"02028 Morgan Manors
Stevenfurt, AR 17574",N,hours
994,Sarah White,234-12-7439,"3259 Donald Manors Apt. 227
Hobbsview, LA 68992",N,hours
995,Seth Kennedy,227-83-0624,"50625 Cruz Lane
Thomasmouth, NY 61506",N,hours
996,Kathryn Smith,754-63-7786,"8929 Smith Wells
Parsonstown, DC 76627",Y,hours
997,Todd Townsend,610-55-5617,"21163 Amanda Estate
South Crystal, OH 77115",Y,miles
998,Sharon Stewart,812-57-8619,"5918 Hoover Loop
Salazarhaven, IA 53040",Y,miles
999,Kathryn Vaughn,745-32-2560,"983 Jessica Lakes Apt. 609
Lunaburgh, MT 59246",Y,hours
1000,Savannah Hopkins,154-26-2574,"643 Cory Wall Suite 651
Port Thomas, AL 75748",Y,miles
1001,Matthew Brown,324-42-4566,"480 Jamie Mountain
Millerville, DC 42984",Y,miles
1002,Daniel Hunt,207-91-3473,"890 James Creek Suite 808
Davidmouth, SD 57335",N,hours
1003,Beth Williams,254-73-2505,"8074 Wolf Shores
New Judith, CT 03822",Y,miles
1004,David Lamb,598-93-5619,"78352 Brittany Meadows
North Reneefurt, UT 04182",Y,miles
1005,David Nichols,714-64-7624,"12667 Alex Views Apt. 376
Jerrytown, AZ 27815",N,hours
1006,Ryan Thompson,253-81-9753,"96638 Denise Overpass
Hallfort, VT 56932",Y,miles
1007,Jeffrey Smith,730-02-8657,"238 Brandon Cape
South Aaronside, NY 71807",Y,hours
1008,Dakota Vega,117-33-0429,"2126 Gonzalez Pine Suite 664
Smithberg, VI 66962",N,hours
1009,Sherri Michael,787-13-9037,"685 Richard Rest
East Benjamin, VA 51440",Y,hours
